period_type,fiscal_year_be,period_order,period_label,indicator_no,indicator_name,target_text,target_type,target_value,numerator,denominator,actual_percent,status,gap_from_target
ปีงบประมาณ,2566,0,ปีงบประมาณ 2566,1,อัตราผู้ป่วย DM ที่ได้รับการตรวจ HbA1c,>= 70%,>=,70,979,1030,95.05,ผ่าน,25.05
ปีงบประมาณ,2566,0,ปีงบประมาณ 2566,2,อัตราผู้ป่วยเบาหวานชนิดที่ 2 ที่มีระดับ HbA1c < 7%,> 40%,>,40,286,982,29.12,ไม่ผ่าน,-10.88
ปีงบประมาณ,2566,0,ปีงบประมาณ 2566,3,อัตราผู้ป่วยเบาหวานชนิดที่ 1 ที่มีระดับ HbA1c < 7%,> 40%,>,40,6,37,16.22,ไม่ผ่าน,-23.78
ปีงบประมาณ,2566,0,ปีงบประมาณ 2566,4,อัตราการรักษาในโรงพยาบาลเนื่องจากภาวะแทรกซ้อนเฉียบพลันจาก DM,< 4%,<,4,0,1030,0,ผ่าน,4
ปีงบประมาณ,2566,0,ปีงบประมาณ 2566,5,อัตราการรักษาในโรงพยาบาลเนื่องจากภาวะแทรกซ้อนเฉียบพลัน Hypoglycemia,< 4%,<,4,0,1030,0,ผ่าน,4
ปีงบประมาณ,2566,0,ปีงบประมาณ 2566,6,"อัตราการรักษาในโรงพยาบาลเนื่องจากภาวะแทรกซ้อนเฉียบพลัน Hyperglycemia, DKA",< 4%,<,4,0,1030,0,ผ่าน,4
ปีงบประมาณ,2566,0,ปีงบประมาณ 2566,7,อัตราผู้ป่วย DM ที่ได้รับการตรวจ Lipid profile,> 70%,>,70,486,1030,47.18,ไม่ผ่าน,-22.82
ปีงบประมาณ,2566,0,ปีงบประมาณ 2566,8,อัตราผู้ป่วย DM ที่มีระดับ LDL < 100 mg/dL,> 60%,>,60,223,1030,21.65,ไม่ผ่าน,-38.35
ปีงบประมาณ,2566,0,ปีงบประมาณ 2566,9,อัตราของระดับความดันโลหิตในผู้ป่วย DM <= 130/80 mmHg,>= 60%,>=,60,360,1030,34.95,ไม่ผ่าน,-25.05
ปีงบประมาณ,2566,0,ปีงบประมาณ 2566,10,อัตราผู้ป่วย DM อายุ 40 ปีขึ้นไปที่ได้รับยา Aspirin,> 70%,>,70,376,889,42.29,ไม่ผ่าน,-27.71
ปีงบประมาณ,2566,0,ปีงบประมาณ 2566,11,อัตราผู้ป่วย DM ที่ได้รับการตรวจ Microalbuminuria ประจำปี,> 80%,>,80,41,1030,3.98,ไม่ผ่าน,-76.02
ปีงบประมาณ,2566,0,ปีงบประมาณ 2566,12,อัตราผู้ป่วย DM มี Microalbuminuria ที่ได้รักษาด้วยยา ACEI หรือ ARB,>= 60%,>=,60,14,25,56,ไม่ผ่าน,-4
ปีงบประมาณ,2566,0,ปีงบประมาณ 2566,13,อัตราผู้ป่วย DM ที่ได้รับการตรวจจอประสาทตาประจำปี,> 70%,>,70,427,1030,41.46,ไม่ผ่าน,-28.54
ปีงบประมาณ,2566,0,ปีงบประมาณ 2566,14,อัตราผู้ป่วย DM ที่ได้รับการตรวจสุขภาพช่องปากประจำปี,> 40%,>,40,166,1030,16.12,ไม่ผ่าน,-23.88
ปีงบประมาณ,2566,0,ปีงบประมาณ 2566,15,อัตราผู้ป่วย DM ที่ได้รับการตรวจเท้าอย่างละเอียดประจำปี,> 80%,>,80,160,1030,15.53,ไม่ผ่าน,-64.47
ปีงบประมาณ,2566,0,ปีงบประมาณ 2566,16,อัตราผู้ป่วยเบาหวานที่มี Diabetic retinopathy,< 15%,<,15,153,1030,14.85,ผ่าน,0.15
ปีงบประมาณ,2566,0,ปีงบประมาณ 2566,17,อัตราผู้ป่วยเบาหวานที่มี Diabetic nephropathy,< 30%,<,30,61,1030,5.92,ผ่าน,24.08
ปีงบประมาณ,2566,0,ปีงบประมาณ 2566,18,อัตราผู้ป่วยเบาหวานที่มีแผลที่เท้า,< 5%,<,5,29,1030,2.82,ผ่าน,2.18
ปีงบประมาณ,2567,0,ปีงบประมาณ 2567,1,อัตราผู้ป่วย DM ที่ได้รับการตรวจ HbA1c,>= 70%,>=,70,1022,1082,94.45,ผ่าน,24.45
ปีงบประมาณ,2567,0,ปีงบประมาณ 2567,2,อัตราผู้ป่วยเบาหวานชนิดที่ 2 ที่มีระดับ HbA1c < 7%,> 40%,>,40,305,1024,29.79,ไม่ผ่าน,-10.21
ปีงบประมาณ,2567,0,ปีงบประมาณ 2567,3,อัตราผู้ป่วยเบาหวานชนิดที่ 1 ที่มีระดับ HbA1c < 7%,> 40%,>,40,16,58,27.59,ไม่ผ่าน,-12.41
ปีงบประมาณ,2567,0,ปีงบประมาณ 2567,4,อัตราการรักษาในโรงพยาบาลเนื่องจากภาวะแทรกซ้อนเฉียบพลันจาก DM,< 4%,<,4,0,1082,0,ผ่าน,4
ปีงบประมาณ,2567,0,ปีงบประมาณ 2567,5,อัตราการรักษาในโรงพยาบาลเนื่องจากภาวะแทรกซ้อนเฉียบพลัน Hypoglycemia,< 4%,<,4,0,1082,0,ผ่าน,4
ปีงบประมาณ,2567,0,ปีงบประมาณ 2567,6,"อัตราการรักษาในโรงพยาบาลเนื่องจากภาวะแทรกซ้อนเฉียบพลัน Hyperglycemia, DKA",< 4%,<,4,0,1082,0,ผ่าน,4
ปีงบประมาณ,2567,0,ปีงบประมาณ 2567,7,อัตราผู้ป่วย DM ที่ได้รับการตรวจ Lipid profile,> 70%,>,70,699,1082,64.6,ไม่ผ่าน,-5.4
ปีงบประมาณ,2567,0,ปีงบประมาณ 2567,8,อัตราผู้ป่วย DM ที่มีระดับ LDL < 100 mg/dL,> 60%,>,60,410,1082,37.89,ไม่ผ่าน,-22.11
ปีงบประมาณ,2567,0,ปีงบประมาณ 2567,9,อัตราของระดับความดันโลหิตในผู้ป่วย DM <= 130/80 mmHg,>= 60%,>=,60,429,1082,39.65,ไม่ผ่าน,-20.35
ปีงบประมาณ,2567,0,ปีงบประมาณ 2567,10,อัตราผู้ป่วย DM อายุ 40 ปีขึ้นไปที่ได้รับยา Aspirin,> 70%,>,70,337,926,36.39,ไม่ผ่าน,-33.61
ปีงบประมาณ,2567,0,ปีงบประมาณ 2567,11,อัตราผู้ป่วย DM ที่ได้รับการตรวจ Microalbuminuria ประจำปี,> 80%,>,80,38,1082,3.51,ไม่ผ่าน,-76.49
ปีงบประมาณ,2567,0,ปีงบประมาณ 2567,12,อัตราผู้ป่วย DM มี Microalbuminuria ที่ได้รักษาด้วยยา ACEI หรือ ARB,>= 60%,>=,60,13,23,56.52,ไม่ผ่าน,-3.48
ปีงบประมาณ,2567,0,ปีงบประมาณ 2567,13,อัตราผู้ป่วย DM ที่ได้รับการตรวจจอประสาทตาประจำปี,> 70%,>,70,416,1082,38.45,ไม่ผ่าน,-31.55
ปีงบประมาณ,2567,0,ปีงบประมาณ 2567,14,อัตราผู้ป่วย DM ที่ได้รับการตรวจสุขภาพช่องปากประจำปี,> 40%,>,40,40,1082,3.7,ไม่ผ่าน,-36.3
ปีงบประมาณ,2567,0,ปีงบประมาณ 2567,15,อัตราผู้ป่วย DM ที่ได้รับการตรวจเท้าอย่างละเอียดประจำปี,> 80%,>,80,78,1082,7.21,ไม่ผ่าน,-72.79
ปีงบประมาณ,2567,0,ปีงบประมาณ 2567,16,อัตราผู้ป่วยเบาหวานที่มี Diabetic retinopathy,< 15%,<,15,180,1082,16.64,ไม่ผ่าน,-1.64
ปีงบประมาณ,2567,0,ปีงบประมาณ 2567,17,อัตราผู้ป่วยเบาหวานที่มี Diabetic nephropathy,< 30%,<,30,85,1082,7.86,ผ่าน,22.14
ปีงบประมาณ,2567,0,ปีงบประมาณ 2567,18,อัตราผู้ป่วยเบาหวานที่มีแผลที่เท้า,< 5%,<,5,31,1082,2.87,ผ่าน,2.13
ปีงบประมาณ,2568,0,ปีงบประมาณ 2568,1,อัตราผู้ป่วย DM ที่ได้รับการตรวจ HbA1c,>= 70%,>=,70,1097,1117,98.21,ผ่าน,28.21
ปีงบประมาณ,2568,0,ปีงบประมาณ 2568,2,อัตราผู้ป่วยเบาหวานชนิดที่ 2 ที่มีระดับ HbA1c < 7%,> 40%,>,40,292,1040,28.08,ไม่ผ่าน,-11.92
ปีงบประมาณ,2568,0,ปีงบประมาณ 2568,3,อัตราผู้ป่วยเบาหวานชนิดที่ 1 ที่มีระดับ HbA1c < 7%,> 40%,>,40,8,64,12.5,ไม่ผ่าน,-27.5
ปีงบประมาณ,2568,0,ปีงบประมาณ 2568,4,อัตราการรักษาในโรงพยาบาลเนื่องจากภาวะแทรกซ้อนเฉียบพลันจาก DM,< 4%,<,4,0,1117,0,ผ่าน,4
ปีงบประมาณ,2568,0,ปีงบประมาณ 2568,5,อัตราการรักษาในโรงพยาบาลเนื่องจากภาวะแทรกซ้อนเฉียบพลัน Hypoglycemia,< 4%,<,4,0,1117,0,ผ่าน,4
ปีงบประมาณ,2568,0,ปีงบประมาณ 2568,6,"อัตราการรักษาในโรงพยาบาลเนื่องจากภาวะแทรกซ้อนเฉียบพลัน Hyperglycemia, DKA",< 4%,<,4,0,1117,0,ผ่าน,4
ปีงบประมาณ,2568,0,ปีงบประมาณ 2568,7,อัตราผู้ป่วย DM ที่ได้รับการตรวจ Lipid profile,> 70%,>,70,729,1117,65.26,ไม่ผ่าน,-4.74
ปีงบประมาณ,2568,0,ปีงบประมาณ 2568,8,อัตราผู้ป่วย DM ที่มีระดับ LDL < 100 mg/dL,> 60%,>,60,413,1117,36.97,ไม่ผ่าน,-23.03
ปีงบประมาณ,2568,0,ปีงบประมาณ 2568,9,อัตราของระดับความดันโลหิตในผู้ป่วย DM <= 130/80 mmHg,>= 60%,>=,60,396,1117,35.45,ไม่ผ่าน,-24.55
ปีงบประมาณ,2568,0,ปีงบประมาณ 2568,10,อัตราผู้ป่วย DM อายุ 40 ปีขึ้นไปที่ได้รับยา Aspirin,> 70%,>,70,327,940,34.79,ไม่ผ่าน,-35.21
ปีงบประมาณ,2568,0,ปีงบประมาณ 2568,11,อัตราผู้ป่วย DM ที่ได้รับการตรวจ Microalbuminuria ประจำปี,> 80%,>,80,55,1117,4.92,ไม่ผ่าน,-75.08
ปีงบประมาณ,2568,0,ปีงบประมาณ 2568,12,อัตราผู้ป่วย DM มี Microalbuminuria ที่ได้รักษาด้วยยา ACEI หรือ ARB,>= 60%,>=,60,15,31,48.39,ไม่ผ่าน,-11.61
ปีงบประมาณ,2568,0,ปีงบประมาณ 2568,13,อัตราผู้ป่วย DM ที่ได้รับการตรวจจอประสาทตาประจำปี,> 70%,>,70,413,1117,36.97,ไม่ผ่าน,-33.03
ปีงบประมาณ,2568,0,ปีงบประมาณ 2568,14,อัตราผู้ป่วย DM ที่ได้รับการตรวจสุขภาพช่องปากประจำปี,> 40%,>,40,166,1117,14.86,ไม่ผ่าน,-25.14
ปีงบประมาณ,2568,0,ปีงบประมาณ 2568,15,อัตราผู้ป่วย DM ที่ได้รับการตรวจเท้าอย่างละเอียดประจำปี,> 80%,>,80,142,1117,12.71,ไม่ผ่าน,-67.29
ปีงบประมาณ,2568,0,ปีงบประมาณ 2568,16,อัตราผู้ป่วยเบาหวานที่มี Diabetic retinopathy,< 15%,<,15,170,1117,15.22,ไม่ผ่าน,-0.22
ปีงบประมาณ,2568,0,ปีงบประมาณ 2568,17,อัตราผู้ป่วยเบาหวานที่มี Diabetic nephropathy,< 30%,<,30,60,1117,5.37,ผ่าน,24.63
ปีงบประมาณ,2568,0,ปีงบประมาณ 2568,18,อัตราผู้ป่วยเบาหวานที่มีแผลที่เท้า,< 5%,<,5,27,1117,2.42,ผ่าน,2.58
ปีงบประมาณ,2569,0,ปีงบประมาณ 2569,1,อัตราผู้ป่วย DM ที่ได้รับการตรวจ HbA1c,>= 70%,>=,70,1021,1039,98.27,ผ่าน,28.27
ปีงบประมาณ,2569,0,ปีงบประมาณ 2569,2,อัตราผู้ป่วยเบาหวานชนิดที่ 2 ที่มีระดับ HbA1c < 7%,> 40%,>,40,240,958,25.05,ไม่ผ่าน,-14.95
ปีงบประมาณ,2569,0,ปีงบประมาณ 2569,3,อัตราผู้ป่วยเบาหวานชนิดที่ 1 ที่มีระดับ HbA1c < 7%,> 40%,>,40,12,75,16,ไม่ผ่าน,-24
ปีงบประมาณ,2569,0,ปีงบประมาณ 2569,4,อัตราการรักษาในโรงพยาบาลเนื่องจากภาวะแทรกซ้อนเฉียบพลันจาก DM,< 4%,<,4,0,1039,0,ผ่าน,4
ปีงบประมาณ,2569,0,ปีงบประมาณ 2569,5,อัตราการรักษาในโรงพยาบาลเนื่องจากภาวะแทรกซ้อนเฉียบพลัน Hypoglycemia,< 4%,<,4,0,1039,0,ผ่าน,4
ปีงบประมาณ,2569,0,ปีงบประมาณ 2569,6,"อัตราการรักษาในโรงพยาบาลเนื่องจากภาวะแทรกซ้อนเฉียบพลัน Hyperglycemia, DKA",< 4%,<,4,0,1039,0,ผ่าน,4
ปีงบประมาณ,2569,0,ปีงบประมาณ 2569,7,อัตราผู้ป่วย DM ที่ได้รับการตรวจ Lipid profile,> 70%,>,70,705,1039,67.85,ไม่ผ่าน,-2.15
ปีงบประมาณ,2569,0,ปีงบประมาณ 2569,8,อัตราผู้ป่วย DM ที่มีระดับ LDL < 100 mg/dL,> 60%,>,60,420,1039,40.42,ไม่ผ่าน,-19.58
ปีงบประมาณ,2569,0,ปีงบประมาณ 2569,9,อัตราของระดับความดันโลหิตในผู้ป่วย DM <= 130/80 mmHg,>= 60%,>=,60,210,1039,20.21,ไม่ผ่าน,-39.79
ปีงบประมาณ,2569,0,ปีงบประมาณ 2569,10,อัตราผู้ป่วย DM อายุ 40 ปีขึ้นไปที่ได้รับยา Aspirin,> 70%,>,70,296,869,34.06,ไม่ผ่าน,-35.94
ปีงบประมาณ,2569,0,ปีงบประมาณ 2569,11,อัตราผู้ป่วย DM ที่ได้รับการตรวจ Microalbuminuria ประจำปี,> 80%,>,80,114,1039,10.97,ไม่ผ่าน,-69.03
ปีงบประมาณ,2569,0,ปีงบประมาณ 2569,12,อัตราผู้ป่วย DM มี Microalbuminuria ที่ได้รักษาด้วยยา ACEI หรือ ARB,>= 60%,>=,60,19,33,57.58,ไม่ผ่าน,-2.42
ปีงบประมาณ,2569,0,ปีงบประมาณ 2569,13,อัตราผู้ป่วย DM ที่ได้รับการตรวจจอประสาทตาประจำปี,> 70%,>,70,376,1039,36.19,ไม่ผ่าน,-33.81
ปีงบประมาณ,2569,0,ปีงบประมาณ 2569,14,อัตราผู้ป่วย DM ที่ได้รับการตรวจสุขภาพช่องปากประจำปี,> 40%,>,40,138,1039,13.28,ไม่ผ่าน,-26.72
ปีงบประมาณ,2569,0,ปีงบประมาณ 2569,15,อัตราผู้ป่วย DM ที่ได้รับการตรวจเท้าอย่างละเอียดประจำปี,> 80%,>,80,547,1039,52.65,ไม่ผ่าน,-27.35
ปีงบประมาณ,2569,0,ปีงบประมาณ 2569,16,อัตราผู้ป่วยเบาหวานที่มี Diabetic retinopathy,< 15%,<,15,154,1039,14.82,ผ่าน,0.18
ปีงบประมาณ,2569,0,ปีงบประมาณ 2569,17,อัตราผู้ป่วยเบาหวานที่มี Diabetic nephropathy,< 30%,<,30,92,1039,8.85,ผ่าน,21.15
ปีงบประมาณ,2569,0,ปีงบประมาณ 2569,18,อัตราผู้ป่วยเบาหวานที่มีแผลที่เท้า,< 5%,<,5,22,1039,2.12,ผ่าน,2.88
ไตรมาส,2566,1,ไตรมาส 1,1,อัตราผู้ป่วย DM ที่ได้รับการตรวจ HbA1c,>= 70%,>=,70,502,732,68.58,ไม่ผ่าน,-1.42
ไตรมาส,2566,1,ไตรมาส 1,2,อัตราผู้ป่วยเบาหวานชนิดที่ 2 ที่มีระดับ HbA1c < 7%,> 40%,>,40,114,701,16.26,ไม่ผ่าน,-23.74
ไตรมาส,2566,1,ไตรมาส 1,3,อัตราผู้ป่วยเบาหวานชนิดที่ 1 ที่มีระดับ HbA1c < 7%,> 40%,>,40,5,23,21.74,ไม่ผ่าน,-18.26
ไตรมาส,2566,1,ไตรมาส 1,4,อัตราการรักษาในโรงพยาบาลเนื่องจากภาวะแทรกซ้อนเฉียบพลันจาก DM,< 4%,<,4,0,732,0,ผ่าน,4
ไตรมาส,2566,1,ไตรมาส 1,5,อัตราการรักษาในโรงพยาบาลเนื่องจากภาวะแทรกซ้อนเฉียบพลัน Hypoglycemia,< 4%,<,4,0,732,0,ผ่าน,4
ไตรมาส,2566,1,ไตรมาส 1,6,"อัตราการรักษาในโรงพยาบาลเนื่องจากภาวะแทรกซ้อนเฉียบพลัน Hyperglycemia, DKA",< 4%,<,4,0,732,0,ผ่าน,4
ไตรมาส,2566,1,ไตรมาส 1,7,อัตราผู้ป่วย DM ที่ได้รับการตรวจ Lipid profile,> 70%,>,70,111,732,15.16,ไม่ผ่าน,-54.84
ไตรมาส,2566,1,ไตรมาส 1,8,อัตราผู้ป่วย DM ที่มีระดับ LDL < 100 mg/dL,> 60%,>,60,45,732,6.15,ไม่ผ่าน,-53.85
ไตรมาส,2566,1,ไตรมาส 1,9,อัตราของระดับความดันโลหิตในผู้ป่วย DM <= 130/80 mmHg,>= 60%,>=,60,252,732,34.43,ไม่ผ่าน,-25.57
ไตรมาส,2566,1,ไตรมาส 1,10,อัตราผู้ป่วย DM อายุ 40 ปีขึ้นไปที่ได้รับยา Aspirin,> 70%,>,70,285,644,44.25,ไม่ผ่าน,-25.75
ไตรมาส,2566,1,ไตรมาส 1,11,อัตราผู้ป่วย DM ที่ได้รับการตรวจ Microalbuminuria ประจำปี,> 80%,>,80,9,732,1.23,ไม่ผ่าน,-78.77
ไตรมาส,2566,1,ไตรมาส 1,12,อัตราผู้ป่วย DM มี Microalbuminuria ที่ได้รักษาด้วยยา ACEI หรือ ARB,>= 60%,>=,60,2,6,33.33,ไม่ผ่าน,-26.67
ไตรมาส,2566,1,ไตรมาส 1,13,อัตราผู้ป่วย DM ที่ได้รับการตรวจจอประสาทตาประจำปี,> 70%,>,70,79,732,10.79,ไม่ผ่าน,-59.21
ไตรมาส,2566,1,ไตรมาส 1,14,อัตราผู้ป่วย DM ที่ได้รับการตรวจสุขภาพช่องปากประจำปี,> 40%,>,40,65,732,8.88,ไม่ผ่าน,-31.12
ไตรมาส,2566,1,ไตรมาส 1,15,อัตราผู้ป่วย DM ที่ได้รับการตรวจเท้าอย่างละเอียดประจำปี,> 80%,>,80,37,732,5.05,ไม่ผ่าน,-74.95
ไตรมาส,2566,1,ไตรมาส 1,16,อัตราผู้ป่วยเบาหวานที่มี Diabetic retinopathy,< 15%,<,15,57,732,7.79,ผ่าน,7.21
ไตรมาส,2566,1,ไตรมาส 1,17,อัตราผู้ป่วยเบาหวานที่มี Diabetic nephropathy,< 30%,<,30,31,732,4.23,ผ่าน,25.77
ไตรมาส,2566,1,ไตรมาส 1,18,อัตราผู้ป่วยเบาหวานที่มีแผลที่เท้า,< 5%,<,5,8,732,1.09,ผ่าน,3.91
ไตรมาส,2566,2,ไตรมาส 2,1,อัตราผู้ป่วย DM ที่ได้รับการตรวจ HbA1c,>= 70%,>=,70,504,774,65.12,ไม่ผ่าน,-4.88
ไตรมาส,2566,2,ไตรมาส 2,2,อัตราผู้ป่วยเบาหวานชนิดที่ 2 ที่มีระดับ HbA1c < 7%,> 40%,>,40,137,741,18.49,ไม่ผ่าน,-21.51
ไตรมาส,2566,2,ไตรมาส 2,3,อัตราผู้ป่วยเบาหวานชนิดที่ 1 ที่มีระดับ HbA1c < 7%,> 40%,>,40,7,25,28,ไม่ผ่าน,-12
ไตรมาส,2566,2,ไตรมาส 2,4,อัตราการรักษาในโรงพยาบาลเนื่องจากภาวะแทรกซ้อนเฉียบพลันจาก DM,< 4%,<,4,0,774,0,ผ่าน,4
ไตรมาส,2566,2,ไตรมาส 2,5,อัตราการรักษาในโรงพยาบาลเนื่องจากภาวะแทรกซ้อนเฉียบพลัน Hypoglycemia,< 4%,<,4,0,774,0,ผ่าน,4
ไตรมาส,2566,2,ไตรมาส 2,6,"อัตราการรักษาในโรงพยาบาลเนื่องจากภาวะแทรกซ้อนเฉียบพลัน Hyperglycemia, DKA",< 4%,<,4,0,774,0,ผ่าน,4
ไตรมาส,2566,2,ไตรมาส 2,7,อัตราผู้ป่วย DM ที่ได้รับการตรวจ Lipid profile,> 70%,>,70,150,774,19.38,ไม่ผ่าน,-50.62
ไตรมาส,2566,2,ไตรมาส 2,8,อัตราผู้ป่วย DM ที่มีระดับ LDL < 100 mg/dL,> 60%,>,60,78,774,10.08,ไม่ผ่าน,-49.92
ไตรมาส,2566,2,ไตรมาส 2,9,อัตราของระดับความดันโลหิตในผู้ป่วย DM <= 130/80 mmHg,>= 60%,>=,60,162,774,20.93,ไม่ผ่าน,-39.07
ไตรมาส,2566,2,ไตรมาส 2,10,อัตราผู้ป่วย DM อายุ 40 ปีขึ้นไปที่ได้รับยา Aspirin,> 70%,>,70,293,686,42.71,ไม่ผ่าน,-27.29
ไตรมาส,2566,2,ไตรมาส 2,11,อัตราผู้ป่วย DM ที่ได้รับการตรวจ Microalbuminuria ประจำปี,> 80%,>,80,12,774,1.55,ไม่ผ่าน,-78.45
ไตรมาส,2566,2,ไตรมาส 2,12,อัตราผู้ป่วย DM มี Microalbuminuria ที่ได้รักษาด้วยยา ACEI หรือ ARB,>= 60%,>=,60,3,9,33.33,ไม่ผ่าน,-26.67
ไตรมาส,2566,2,ไตรมาส 2,13,อัตราผู้ป่วย DM ที่ได้รับการตรวจจอประสาทตาประจำปี,> 70%,>,70,96,774,12.4,ไม่ผ่าน,-57.6
ไตรมาส,2566,2,ไตรมาส 2,14,อัตราผู้ป่วย DM ที่ได้รับการตรวจสุขภาพช่องปากประจำปี,> 40%,>,40,38,774,4.91,ไม่ผ่าน,-35.09
ไตรมาส,2566,2,ไตรมาส 2,15,อัตราผู้ป่วย DM ที่ได้รับการตรวจเท้าอย่างละเอียดประจำปี,> 80%,>,80,48,774,6.2,ไม่ผ่าน,-73.8
ไตรมาส,2566,2,ไตรมาส 2,16,อัตราผู้ป่วยเบาหวานที่มี Diabetic retinopathy,< 15%,<,15,69,774,8.91,ผ่าน,6.09
ไตรมาส,2566,2,ไตรมาส 2,17,อัตราผู้ป่วยเบาหวานที่มี Diabetic nephropathy,< 30%,<,30,33,774,4.26,ผ่าน,25.74
ไตรมาส,2566,2,ไตรมาส 2,18,อัตราผู้ป่วยเบาหวานที่มีแผลที่เท้า,< 5%,<,5,9,774,1.16,ผ่าน,3.84
ไตรมาส,2566,3,ไตรมาส 3,1,อัตราผู้ป่วย DM ที่ได้รับการตรวจ HbA1c,>= 70%,>=,70,474,763,62.12,ไม่ผ่าน,-7.88
ไตรมาส,2566,3,ไตรมาส 3,2,อัตราผู้ป่วยเบาหวานชนิดที่ 2 ที่มีระดับ HbA1c < 7%,> 40%,>,40,108,730,14.79,ไม่ผ่าน,-25.21
ไตรมาส,2566,3,ไตรมาส 3,3,อัตราผู้ป่วยเบาหวานชนิดที่ 1 ที่มีระดับ HbA1c < 7%,> 40%,>,40,4,25,16,ไม่ผ่าน,-24
ไตรมาส,2566,3,ไตรมาส 3,4,อัตราการรักษาในโรงพยาบาลเนื่องจากภาวะแทรกซ้อนเฉียบพลันจาก DM,< 4%,<,4,0,763,0,ผ่าน,4
ไตรมาส,2566,3,ไตรมาส 3,5,อัตราการรักษาในโรงพยาบาลเนื่องจากภาวะแทรกซ้อนเฉียบพลัน Hypoglycemia,< 4%,<,4,0,763,0,ผ่าน,4
ไตรมาส,2566,3,ไตรมาส 3,6,"อัตราการรักษาในโรงพยาบาลเนื่องจากภาวะแทรกซ้อนเฉียบพลัน Hyperglycemia, DKA",< 4%,<,4,0,763,0,ผ่าน,4
ไตรมาส,2566,3,ไตรมาส 3,7,อัตราผู้ป่วย DM ที่ได้รับการตรวจ Lipid profile,> 70%,>,70,87,763,11.4,ไม่ผ่าน,-58.6
ไตรมาส,2566,3,ไตรมาส 3,8,อัตราผู้ป่วย DM ที่มีระดับ LDL < 100 mg/dL,> 60%,>,60,42,763,5.5,ไม่ผ่าน,-54.5
ไตรมาส,2566,3,ไตรมาส 3,9,อัตราของระดับความดันโลหิตในผู้ป่วย DM <= 130/80 mmHg,>= 60%,>=,60,243,763,31.85,ไม่ผ่าน,-28.15
ไตรมาส,2566,3,ไตรมาส 3,10,อัตราผู้ป่วย DM อายุ 40 ปีขึ้นไปที่ได้รับยา Aspirin,> 70%,>,70,275,675,40.74,ไม่ผ่าน,-29.26
ไตรมาส,2566,3,ไตรมาส 3,11,อัตราผู้ป่วย DM ที่ได้รับการตรวจ Microalbuminuria ประจำปี,> 80%,>,80,6,763,0.79,ไม่ผ่าน,-79.21
ไตรมาส,2566,3,ไตรมาส 3,12,อัตราผู้ป่วย DM มี Microalbuminuria ที่ได้รักษาด้วยยา ACEI หรือ ARB,>= 60%,>=,60,1,4,25,ไม่ผ่าน,-35
ไตรมาส,2566,3,ไตรมาส 3,13,อัตราผู้ป่วย DM ที่ได้รับการตรวจจอประสาทตาประจำปี,> 70%,>,70,120,763,15.73,ไม่ผ่าน,-54.27
ไตรมาส,2566,3,ไตรมาส 3,14,อัตราผู้ป่วย DM ที่ได้รับการตรวจสุขภาพช่องปากประจำปี,> 40%,>,40,29,763,3.8,ไม่ผ่าน,-36.2
ไตรมาส,2566,3,ไตรมาส 3,15,อัตราผู้ป่วย DM ที่ได้รับการตรวจเท้าอย่างละเอียดประจำปี,> 80%,>,80,34,763,4.46,ไม่ผ่าน,-75.54
ไตรมาส,2566,3,ไตรมาส 3,16,อัตราผู้ป่วยเบาหวานที่มี Diabetic retinopathy,< 15%,<,15,66,763,8.65,ผ่าน,6.35
ไตรมาส,2566,3,ไตรมาส 3,17,อัตราผู้ป่วยเบาหวานที่มี Diabetic nephropathy,< 30%,<,30,30,763,3.93,ผ่าน,26.07
ไตรมาส,2566,3,ไตรมาส 3,18,อัตราผู้ป่วยเบาหวานที่มีแผลที่เท้า,< 5%,<,5,12,763,1.57,ผ่าน,3.43
ไตรมาส,2566,4,ไตรมาส 4,1,อัตราผู้ป่วย DM ที่ได้รับการตรวจ HbA1c,>= 70%,>=,70,517,760,68.03,ไม่ผ่าน,-1.97
ไตรมาส,2566,4,ไตรมาส 4,2,อัตราผู้ป่วยเบาหวานชนิดที่ 2 ที่มีระดับ HbA1c < 7%,> 40%,>,40,123,727,16.92,ไม่ผ่าน,-23.08
ไตรมาส,2566,4,ไตรมาส 4,3,อัตราผู้ป่วยเบาหวานชนิดที่ 1 ที่มีระดับ HbA1c < 7%,> 40%,>,40,4,22,18.18,ไม่ผ่าน,-21.82
ไตรมาส,2566,4,ไตรมาส 4,4,อัตราการรักษาในโรงพยาบาลเนื่องจากภาวะแทรกซ้อนเฉียบพลันจาก DM,< 4%,<,4,0,760,0,ผ่าน,4
ไตรมาส,2566,4,ไตรมาส 4,5,อัตราการรักษาในโรงพยาบาลเนื่องจากภาวะแทรกซ้อนเฉียบพลัน Hypoglycemia,< 4%,<,4,0,760,0,ผ่าน,4
ไตรมาส,2566,4,ไตรมาส 4,6,"อัตราการรักษาในโรงพยาบาลเนื่องจากภาวะแทรกซ้อนเฉียบพลัน Hyperglycemia, DKA",< 4%,<,4,0,760,0,ผ่าน,4
ไตรมาส,2566,4,ไตรมาส 4,7,อัตราผู้ป่วย DM ที่ได้รับการตรวจ Lipid profile,> 70%,>,70,101,760,13.29,ไม่ผ่าน,-56.71
ไตรมาส,2566,4,ไตรมาส 4,8,อัตราผู้ป่วย DM ที่มีระดับ LDL < 100 mg/dL,> 60%,>,60,41,760,5.39,ไม่ผ่าน,-54.61
ไตรมาส,2566,4,ไตรมาส 4,9,อัตราของระดับความดันโลหิตในผู้ป่วย DM <= 130/80 mmHg,>= 60%,>=,60,253,760,33.29,ไม่ผ่าน,-26.71
ไตรมาส,2566,4,ไตรมาส 4,10,อัตราผู้ป่วย DM อายุ 40 ปีขึ้นไปที่ได้รับยา Aspirin,> 70%,>,70,268,678,39.53,ไม่ผ่าน,-30.47
ไตรมาส,2566,4,ไตรมาส 4,11,อัตราผู้ป่วย DM ที่ได้รับการตรวจ Microalbuminuria ประจำปี,> 80%,>,80,8,760,1.05,ไม่ผ่าน,-78.95
ไตรมาส,2566,4,ไตรมาส 4,12,อัตราผู้ป่วย DM มี Microalbuminuria ที่ได้รักษาด้วยยา ACEI หรือ ARB,>= 60%,>=,60,1,4,25,ไม่ผ่าน,-35
ไตรมาส,2566,4,ไตรมาส 4,13,อัตราผู้ป่วย DM ที่ได้รับการตรวจจอประสาทตาประจำปี,> 70%,>,70,99,760,13.03,ไม่ผ่าน,-56.97
ไตรมาส,2566,4,ไตรมาส 4,14,อัตราผู้ป่วย DM ที่ได้รับการตรวจสุขภาพช่องปากประจำปี,> 40%,>,40,39,760,5.13,ไม่ผ่าน,-34.87
ไตรมาส,2566,4,ไตรมาส 4,15,อัตราผู้ป่วย DM ที่ได้รับการตรวจเท้าอย่างละเอียดประจำปี,> 80%,>,80,34,760,4.47,ไม่ผ่าน,-75.53
ไตรมาส,2566,4,ไตรมาส 4,16,อัตราผู้ป่วยเบาหวานที่มี Diabetic retinopathy,< 15%,<,15,67,760,8.82,ผ่าน,6.18
ไตรมาส,2566,4,ไตรมาส 4,17,อัตราผู้ป่วยเบาหวานที่มี Diabetic nephropathy,< 30%,<,30,33,760,4.34,ผ่าน,25.66
ไตรมาส,2566,4,ไตรมาส 4,18,อัตราผู้ป่วยเบาหวานที่มีแผลที่เท้า,< 5%,<,5,9,760,1.18,ผ่าน,3.82
ไตรมาส,2567,1,ไตรมาส 1,1,อัตราผู้ป่วย DM ที่ได้รับการตรวจ HbA1c,>= 70%,>=,70,515,798,64.54,ไม่ผ่าน,-5.46
ไตรมาส,2567,1,ไตรมาส 1,2,อัตราผู้ป่วยเบาหวานชนิดที่ 2 ที่มีระดับ HbA1c < 7%,> 40%,>,40,117,762,15.35,ไม่ผ่าน,-24.65
ไตรมาส,2567,1,ไตรมาส 1,3,อัตราผู้ป่วยเบาหวานชนิดที่ 1 ที่มีระดับ HbA1c < 7%,> 40%,>,40,5,27,18.52,ไม่ผ่าน,-21.48
ไตรมาส,2567,1,ไตรมาส 1,4,อัตราการรักษาในโรงพยาบาลเนื่องจากภาวะแทรกซ้อนเฉียบพลันจาก DM,< 4%,<,4,0,798,0,ผ่าน,4
ไตรมาส,2567,1,ไตรมาส 1,5,อัตราการรักษาในโรงพยาบาลเนื่องจากภาวะแทรกซ้อนเฉียบพลัน Hypoglycemia,< 4%,<,4,0,798,0,ผ่าน,4
ไตรมาส,2567,1,ไตรมาส 1,6,"อัตราการรักษาในโรงพยาบาลเนื่องจากภาวะแทรกซ้อนเฉียบพลัน Hyperglycemia, DKA",< 4%,<,4,0,798,0,ผ่าน,4
ไตรมาส,2567,1,ไตรมาส 1,7,อัตราผู้ป่วย DM ที่ได้รับการตรวจ Lipid profile,> 70%,>,70,195,798,24.44,ไม่ผ่าน,-45.56
ไตรมาส,2567,1,ไตรมาส 1,8,อัตราผู้ป่วย DM ที่มีระดับ LDL < 100 mg/dL,> 60%,>,60,108,798,13.53,ไม่ผ่าน,-46.47
ไตรมาส,2567,1,ไตรมาส 1,9,อัตราของระดับความดันโลหิตในผู้ป่วย DM <= 130/80 mmHg,>= 60%,>=,60,209,798,26.19,ไม่ผ่าน,-33.81
ไตรมาส,2567,1,ไตรมาส 1,10,อัตราผู้ป่วย DM อายุ 40 ปีขึ้นไปที่ได้รับยา Aspirin,> 70%,>,70,259,707,36.63,ไม่ผ่าน,-33.37
ไตรมาส,2567,1,ไตรมาส 1,11,อัตราผู้ป่วย DM ที่ได้รับการตรวจ Microalbuminuria ประจำปี,> 80%,>,80,12,798,1.5,ไม่ผ่าน,-78.5
ไตรมาส,2567,1,ไตรมาส 1,12,อัตราผู้ป่วย DM มี Microalbuminuria ที่ได้รักษาด้วยยา ACEI หรือ ARB,>= 60%,>=,60,4,6,66.67,ผ่าน,6.67
ไตรมาส,2567,1,ไตรมาส 1,13,อัตราผู้ป่วย DM ที่ได้รับการตรวจจอประสาทตาประจำปี,> 70%,>,70,105,798,13.16,ไม่ผ่าน,-56.84
ไตรมาส,2567,1,ไตรมาส 1,14,อัตราผู้ป่วย DM ที่ได้รับการตรวจสุขภาพช่องปากประจำปี,> 40%,>,40,25,798,3.13,ไม่ผ่าน,-36.87
ไตรมาส,2567,1,ไตรมาส 1,15,อัตราผู้ป่วย DM ที่ได้รับการตรวจเท้าอย่างละเอียดประจำปี,> 80%,>,80,23,798,2.88,ไม่ผ่าน,-77.12
ไตรมาส,2567,1,ไตรมาส 1,16,อัตราผู้ป่วยเบาหวานที่มี Diabetic retinopathy,< 15%,<,15,75,798,9.4,ผ่าน,5.6
ไตรมาส,2567,1,ไตรมาส 1,17,อัตราผู้ป่วยเบาหวานที่มี Diabetic nephropathy,< 30%,<,30,34,798,4.26,ผ่าน,25.74
ไตรมาส,2567,1,ไตรมาส 1,18,อัตราผู้ป่วยเบาหวานที่มีแผลที่เท้า,< 5%,<,5,6,798,0.75,ผ่าน,4.25
ไตรมาส,2567,2,ไตรมาส 2,1,อัตราผู้ป่วย DM ที่ได้รับการตรวจ HbA1c,>= 70%,>=,70,550,740,74.32,ผ่าน,4.32
ไตรมาส,2567,2,ไตรมาส 2,2,อัตราผู้ป่วยเบาหวานชนิดที่ 2 ที่มีระดับ HbA1c < 7%,> 40%,>,40,123,698,17.62,ไม่ผ่าน,-22.38
ไตรมาส,2567,2,ไตรมาส 2,3,อัตราผู้ป่วยเบาหวานชนิดที่ 1 ที่มีระดับ HbA1c < 7%,> 40%,>,40,8,36,22.22,ไม่ผ่าน,-17.78
ไตรมาส,2567,2,ไตรมาส 2,4,อัตราการรักษาในโรงพยาบาลเนื่องจากภาวะแทรกซ้อนเฉียบพลันจาก DM,< 4%,<,4,0,740,0,ผ่าน,4
ไตรมาส,2567,2,ไตรมาส 2,5,อัตราการรักษาในโรงพยาบาลเนื่องจากภาวะแทรกซ้อนเฉียบพลัน Hypoglycemia,< 4%,<,4,0,740,0,ผ่าน,4
ไตรมาส,2567,2,ไตรมาส 2,6,"อัตราการรักษาในโรงพยาบาลเนื่องจากภาวะแทรกซ้อนเฉียบพลัน Hyperglycemia, DKA",< 4%,<,4,0,740,0,ผ่าน,4
ไตรมาส,2567,2,ไตรมาส 2,7,อัตราผู้ป่วย DM ที่ได้รับการตรวจ Lipid profile,> 70%,>,70,214,740,28.92,ไม่ผ่าน,-41.08
ไตรมาส,2567,2,ไตรมาส 2,8,อัตราผู้ป่วย DM ที่มีระดับ LDL < 100 mg/dL,> 60%,>,60,124,740,16.76,ไม่ผ่าน,-43.24
ไตรมาส,2567,2,ไตรมาส 2,9,อัตราของระดับความดันโลหิตในผู้ป่วย DM <= 130/80 mmHg,>= 60%,>=,60,199,740,26.89,ไม่ผ่าน,-33.11
ไตรมาส,2567,2,ไตรมาส 2,10,อัตราผู้ป่วย DM อายุ 40 ปีขึ้นไปที่ได้รับยา Aspirin,> 70%,>,70,239,647,36.94,ไม่ผ่าน,-33.06
ไตรมาส,2567,2,ไตรมาส 2,11,อัตราผู้ป่วย DM ที่ได้รับการตรวจ Microalbuminuria ประจำปี,> 80%,>,80,11,740,1.49,ไม่ผ่าน,-78.51
ไตรมาส,2567,2,ไตรมาส 2,12,อัตราผู้ป่วย DM มี Microalbuminuria ที่ได้รักษาด้วยยา ACEI หรือ ARB,>= 60%,>=,60,3,8,37.5,ไม่ผ่าน,-22.5
ไตรมาส,2567,2,ไตรมาส 2,13,อัตราผู้ป่วย DM ที่ได้รับการตรวจจอประสาทตาประจำปี,> 70%,>,70,92,740,12.43,ไม่ผ่าน,-57.57
ไตรมาส,2567,2,ไตรมาส 2,14,อัตราผู้ป่วย DM ที่ได้รับการตรวจสุขภาพช่องปากประจำปี,> 40%,>,40,12,740,1.62,ไม่ผ่าน,-38.38
ไตรมาส,2567,2,ไตรมาส 2,15,อัตราผู้ป่วย DM ที่ได้รับการตรวจเท้าอย่างละเอียดประจำปี,> 80%,>,80,27,740,3.65,ไม่ผ่าน,-76.35
ไตรมาส,2567,2,ไตรมาส 2,16,อัตราผู้ป่วยเบาหวานที่มี Diabetic retinopathy,< 15%,<,15,72,740,9.73,ผ่าน,5.27
ไตรมาส,2567,2,ไตรมาส 2,17,อัตราผู้ป่วยเบาหวานที่มี Diabetic nephropathy,< 30%,<,30,34,740,4.59,ผ่าน,25.41
ไตรมาส,2567,2,ไตรมาส 2,18,อัตราผู้ป่วยเบาหวานที่มีแผลที่เท้า,< 5%,<,5,4,740,0.54,ผ่าน,4.46
ไตรมาส,2567,3,ไตรมาส 3,1,อัตราผู้ป่วย DM ที่ได้รับการตรวจ HbA1c,>= 70%,>=,70,434,765,56.73,ไม่ผ่าน,-13.27
ไตรมาส,2567,3,ไตรมาส 3,2,อัตราผู้ป่วยเบาหวานชนิดที่ 2 ที่มีระดับ HbA1c < 7%,> 40%,>,40,115,733,15.69,ไม่ผ่าน,-24.31
ไตรมาส,2567,3,ไตรมาส 3,3,อัตราผู้ป่วยเบาหวานชนิดที่ 1 ที่มีระดับ HbA1c < 7%,> 40%,>,40,5,29,17.24,ไม่ผ่าน,-22.76
ไตรมาส,2567,3,ไตรมาส 3,4,อัตราการรักษาในโรงพยาบาลเนื่องจากภาวะแทรกซ้อนเฉียบพลันจาก DM,< 4%,<,4,0,765,0,ผ่าน,4
ไตรมาส,2567,3,ไตรมาส 3,5,อัตราการรักษาในโรงพยาบาลเนื่องจากภาวะแทรกซ้อนเฉียบพลัน Hypoglycemia,< 4%,<,4,0,765,0,ผ่าน,4
ไตรมาส,2567,3,ไตรมาส 3,6,"อัตราการรักษาในโรงพยาบาลเนื่องจากภาวะแทรกซ้อนเฉียบพลัน Hyperglycemia, DKA",< 4%,<,4,0,765,0,ผ่าน,4
ไตรมาส,2567,3,ไตรมาส 3,7,อัตราผู้ป่วย DM ที่ได้รับการตรวจ Lipid profile,> 70%,>,70,165,765,21.57,ไม่ผ่าน,-48.43
ไตรมาส,2567,3,ไตรมาส 3,8,อัตราผู้ป่วย DM ที่มีระดับ LDL < 100 mg/dL,> 60%,>,60,93,765,12.16,ไม่ผ่าน,-47.84
ไตรมาส,2567,3,ไตรมาส 3,9,อัตราของระดับความดันโลหิตในผู้ป่วย DM <= 130/80 mmHg,>= 60%,>=,60,270,765,35.29,ไม่ผ่าน,-24.71
ไตรมาส,2567,3,ไตรมาส 3,10,อัตราผู้ป่วย DM อายุ 40 ปีขึ้นไปที่ได้รับยา Aspirin,> 70%,>,70,247,678,36.43,ไม่ผ่าน,-33.57
ไตรมาส,2567,3,ไตรมาส 3,11,อัตราผู้ป่วย DM ที่ได้รับการตรวจ Microalbuminuria ประจำปี,> 80%,>,80,5,765,0.65,ไม่ผ่าน,-79.35
ไตรมาส,2567,3,ไตรมาส 3,12,อัตราผู้ป่วย DM มี Microalbuminuria ที่ได้รักษาด้วยยา ACEI หรือ ARB,>= 60%,>=,60,0,2,0,ไม่ผ่าน,-60
ไตรมาส,2567,3,ไตรมาส 3,13,อัตราผู้ป่วย DM ที่ได้รับการตรวจจอประสาทตาประจำปี,> 70%,>,70,78,765,10.2,ไม่ผ่าน,-59.8
ไตรมาส,2567,3,ไตรมาส 3,14,อัตราผู้ป่วย DM ที่ได้รับการตรวจสุขภาพช่องปากประจำปี,> 40%,>,40,0,765,0,ไม่ผ่าน,-40
ไตรมาส,2567,3,ไตรมาส 3,15,อัตราผู้ป่วย DM ที่ได้รับการตรวจเท้าอย่างละเอียดประจำปี,> 80%,>,80,7,765,0.92,ไม่ผ่าน,-79.08
ไตรมาส,2567,3,ไตรมาส 3,16,อัตราผู้ป่วยเบาหวานที่มี Diabetic retinopathy,< 15%,<,15,77,765,10.07,ผ่าน,4.93
ไตรมาส,2567,3,ไตรมาส 3,17,อัตราผู้ป่วยเบาหวานที่มี Diabetic nephropathy,< 30%,<,30,30,765,3.92,ผ่าน,26.08
ไตรมาส,2567,3,ไตรมาส 3,18,อัตราผู้ป่วยเบาหวานที่มีแผลที่เท้า,< 5%,<,5,10,765,1.31,ผ่าน,3.69
ไตรมาส,2567,4,ไตรมาส 4,1,อัตราผู้ป่วย DM ที่ได้รับการตรวจ HbA1c,>= 70%,>=,70,253,781,32.39,ไม่ผ่าน,-37.61
ไตรมาส,2567,4,ไตรมาส 4,2,อัตราผู้ป่วยเบาหวานชนิดที่ 2 ที่มีระดับ HbA1c < 7%,> 40%,>,40,55,728,7.55,ไม่ผ่าน,-32.45
ไตรมาส,2567,4,ไตรมาส 4,3,อัตราผู้ป่วยเบาหวานชนิดที่ 1 ที่มีระดับ HbA1c < 7%,> 40%,>,40,2,40,5,ไม่ผ่าน,-35
ไตรมาส,2567,4,ไตรมาส 4,4,อัตราการรักษาในโรงพยาบาลเนื่องจากภาวะแทรกซ้อนเฉียบพลันจาก DM,< 4%,<,4,0,781,0,ผ่าน,4
ไตรมาส,2567,4,ไตรมาส 4,5,อัตราการรักษาในโรงพยาบาลเนื่องจากภาวะแทรกซ้อนเฉียบพลัน Hypoglycemia,< 4%,<,4,0,781,0,ผ่าน,4
ไตรมาส,2567,4,ไตรมาส 4,6,"อัตราการรักษาในโรงพยาบาลเนื่องจากภาวะแทรกซ้อนเฉียบพลัน Hyperglycemia, DKA",< 4%,<,4,0,781,0,ผ่าน,4
ไตรมาส,2567,4,ไตรมาส 4,7,อัตราผู้ป่วย DM ที่ได้รับการตรวจ Lipid profile,> 70%,>,70,106,781,13.57,ไม่ผ่าน,-56.43
ไตรมาส,2567,4,ไตรมาส 4,8,อัตราผู้ป่วย DM ที่มีระดับ LDL < 100 mg/dL,> 60%,>,60,70,781,8.96,ไม่ผ่าน,-51.04
ไตรมาส,2567,4,ไตรมาส 4,9,อัตราของระดับความดันโลหิตในผู้ป่วย DM <= 130/80 mmHg,>= 60%,>=,60,299,781,38.28,ไม่ผ่าน,-21.72
ไตรมาส,2567,4,ไตรมาส 4,10,อัตราผู้ป่วย DM อายุ 40 ปีขึ้นไปที่ได้รับยา Aspirin,> 70%,>,70,256,687,37.26,ไม่ผ่าน,-32.74
ไตรมาส,2567,4,ไตรมาส 4,11,อัตราผู้ป่วย DM ที่ได้รับการตรวจ Microalbuminuria ประจำปี,> 80%,>,80,4,781,0.51,ไม่ผ่าน,-79.49
ไตรมาส,2567,4,ไตรมาส 4,12,อัตราผู้ป่วย DM มี Microalbuminuria ที่ได้รักษาด้วยยา ACEI หรือ ARB,>= 60%,>=,60,1,3,33.33,ไม่ผ่าน,-26.67
ไตรมาส,2567,4,ไตรมาส 4,13,อัตราผู้ป่วย DM ที่ได้รับการตรวจจอประสาทตาประจำปี,> 70%,>,70,89,781,11.4,ไม่ผ่าน,-58.6
ไตรมาส,2567,4,ไตรมาส 4,14,อัตราผู้ป่วย DM ที่ได้รับการตรวจสุขภาพช่องปากประจำปี,> 40%,>,40,0,781,0,ไม่ผ่าน,-40
ไตรมาส,2567,4,ไตรมาส 4,15,อัตราผู้ป่วย DM ที่ได้รับการตรวจเท้าอย่างละเอียดประจำปี,> 80%,>,80,8,781,1.02,ไม่ผ่าน,-78.98
ไตรมาส,2567,4,ไตรมาส 4,16,อัตราผู้ป่วยเบาหวานที่มี Diabetic retinopathy,< 15%,<,15,69,781,8.83,ผ่าน,6.17
ไตรมาส,2567,4,ไตรมาส 4,17,อัตราผู้ป่วยเบาหวานที่มี Diabetic nephropathy,< 30%,<,30,36,781,4.61,ผ่าน,25.39
ไตรมาส,2567,4,ไตรมาส 4,18,อัตราผู้ป่วยเบาหวานที่มีแผลที่เท้า,< 5%,<,5,9,781,1.15,ผ่าน,3.85
ไตรมาส,2568,1,ไตรมาส 1,1,อัตราผู้ป่วย DM ที่ได้รับการตรวจ HbA1c,>= 70%,>=,70,502,717,70.01,ผ่าน,0.01
ไตรมาส,2568,1,ไตรมาส 1,2,อัตราผู้ป่วยเบาหวานชนิดที่ 2 ที่มีระดับ HbA1c < 7%,> 40%,>,40,115,673,17.09,ไม่ผ่าน,-22.91
ไตรมาส,2568,1,ไตรมาส 1,3,อัตราผู้ป่วยเบาหวานชนิดที่ 1 ที่มีระดับ HbA1c < 7%,> 40%,>,40,7,38,18.42,ไม่ผ่าน,-21.58
ไตรมาส,2568,1,ไตรมาส 1,4,อัตราการรักษาในโรงพยาบาลเนื่องจากภาวะแทรกซ้อนเฉียบพลันจาก DM,< 4%,<,4,0,717,0,ผ่าน,4
ไตรมาส,2568,1,ไตรมาส 1,5,อัตราการรักษาในโรงพยาบาลเนื่องจากภาวะแทรกซ้อนเฉียบพลัน Hypoglycemia,< 4%,<,4,0,717,0,ผ่าน,4
ไตรมาส,2568,1,ไตรมาส 1,6,"อัตราการรักษาในโรงพยาบาลเนื่องจากภาวะแทรกซ้อนเฉียบพลัน Hyperglycemia, DKA",< 4%,<,4,0,717,0,ผ่าน,4
ไตรมาส,2568,1,ไตรมาส 1,7,อัตราผู้ป่วย DM ที่ได้รับการตรวจ Lipid profile,> 70%,>,70,129,717,17.99,ไม่ผ่าน,-52.01
ไตรมาส,2568,1,ไตรมาส 1,8,อัตราผู้ป่วย DM ที่มีระดับ LDL < 100 mg/dL,> 60%,>,60,71,717,9.9,ไม่ผ่าน,-50.1
ไตรมาส,2568,1,ไตรมาส 1,9,อัตราของระดับความดันโลหิตในผู้ป่วย DM <= 130/80 mmHg,>= 60%,>=,60,210,717,29.29,ไม่ผ่าน,-30.71
ไตรมาส,2568,1,ไตรมาส 1,10,อัตราผู้ป่วย DM อายุ 40 ปีขึ้นไปที่ได้รับยา Aspirin,> 70%,>,70,230,622,36.98,ไม่ผ่าน,-33.02
ไตรมาส,2568,1,ไตรมาส 1,11,อัตราผู้ป่วย DM ที่ได้รับการตรวจ Microalbuminuria ประจำปี,> 80%,>,80,12,717,1.67,ไม่ผ่าน,-78.33
ไตรมาส,2568,1,ไตรมาส 1,12,อัตราผู้ป่วย DM มี Microalbuminuria ที่ได้รักษาด้วยยา ACEI หรือ ARB,>= 60%,>=,60,2,7,28.57,ไม่ผ่าน,-31.43
ไตรมาส,2568,1,ไตรมาส 1,13,อัตราผู้ป่วย DM ที่ได้รับการตรวจจอประสาทตาประจำปี,> 70%,>,70,83,717,11.58,ไม่ผ่าน,-58.42
ไตรมาส,2568,1,ไตรมาส 1,14,อัตราผู้ป่วย DM ที่ได้รับการตรวจสุขภาพช่องปากประจำปี,> 40%,>,40,40,717,5.58,ไม่ผ่าน,-34.42
ไตรมาส,2568,1,ไตรมาส 1,15,อัตราผู้ป่วย DM ที่ได้รับการตรวจเท้าอย่างละเอียดประจำปี,> 80%,>,80,35,717,4.88,ไม่ผ่าน,-75.12
ไตรมาส,2568,1,ไตรมาส 1,16,อัตราผู้ป่วยเบาหวานที่มี Diabetic retinopathy,< 15%,<,15,59,717,8.23,ผ่าน,6.77
ไตรมาส,2568,1,ไตรมาส 1,17,อัตราผู้ป่วยเบาหวานที่มี Diabetic nephropathy,< 30%,<,30,18,717,2.51,ผ่าน,27.49
ไตรมาส,2568,1,ไตรมาส 1,18,อัตราผู้ป่วยเบาหวานที่มีแผลที่เท้า,< 5%,<,5,5,717,0.7,ผ่าน,4.3
ไตรมาส,2568,2,ไตรมาส 2,1,อัตราผู้ป่วย DM ที่ได้รับการตรวจ HbA1c,>= 70%,>=,70,608,760,80,ผ่าน,10
ไตรมาส,2568,2,ไตรมาส 2,2,อัตราผู้ป่วยเบาหวานชนิดที่ 2 ที่มีระดับ HbA1c < 7%,> 40%,>,40,101,703,14.37,ไม่ผ่าน,-25.63
ไตรมาส,2568,2,ไตรมาส 2,3,อัตราผู้ป่วยเบาหวานชนิดที่ 1 ที่มีระดับ HbA1c < 7%,> 40%,>,40,7,37,18.92,ไม่ผ่าน,-21.08
ไตรมาส,2568,2,ไตรมาส 2,4,อัตราการรักษาในโรงพยาบาลเนื่องจากภาวะแทรกซ้อนเฉียบพลันจาก DM,< 4%,<,4,0,760,0,ผ่าน,4
ไตรมาส,2568,2,ไตรมาส 2,5,อัตราการรักษาในโรงพยาบาลเนื่องจากภาวะแทรกซ้อนเฉียบพลัน Hypoglycemia,< 4%,<,4,0,760,0,ผ่าน,4
ไตรมาส,2568,2,ไตรมาส 2,6,"อัตราการรักษาในโรงพยาบาลเนื่องจากภาวะแทรกซ้อนเฉียบพลัน Hyperglycemia, DKA",< 4%,<,4,0,760,0,ผ่าน,4
ไตรมาส,2568,2,ไตรมาส 2,7,อัตราผู้ป่วย DM ที่ได้รับการตรวจ Lipid profile,> 70%,>,70,219,760,28.82,ไม่ผ่าน,-41.18
ไตรมาส,2568,2,ไตรมาส 2,8,อัตราผู้ป่วย DM ที่มีระดับ LDL < 100 mg/dL,> 60%,>,60,125,760,16.45,ไม่ผ่าน,-43.55
ไตรมาส,2568,2,ไตรมาส 2,9,อัตราของระดับความดันโลหิตในผู้ป่วย DM <= 130/80 mmHg,>= 60%,>=,60,217,760,28.55,ไม่ผ่าน,-31.45
ไตรมาส,2568,2,ไตรมาส 2,10,อัตราผู้ป่วย DM อายุ 40 ปีขึ้นไปที่ได้รับยา Aspirin,> 70%,>,70,249,661,37.67,ไม่ผ่าน,-32.33
ไตรมาส,2568,2,ไตรมาส 2,11,อัตราผู้ป่วย DM ที่ได้รับการตรวจ Microalbuminuria ประจำปี,> 80%,>,80,10,760,1.32,ไม่ผ่าน,-78.68
ไตรมาส,2568,2,ไตรมาส 2,12,อัตราผู้ป่วย DM มี Microalbuminuria ที่ได้รักษาด้วยยา ACEI หรือ ARB,>= 60%,>=,60,3,5,60,ผ่าน,0
ไตรมาส,2568,2,ไตรมาส 2,13,อัตราผู้ป่วย DM ที่ได้รับการตรวจจอประสาทตาประจำปี,> 70%,>,70,81,760,10.66,ไม่ผ่าน,-59.34
ไตรมาส,2568,2,ไตรมาส 2,14,อัตราผู้ป่วย DM ที่ได้รับการตรวจสุขภาพช่องปากประจำปี,> 40%,>,40,52,760,6.84,ไม่ผ่าน,-33.16
ไตรมาส,2568,2,ไตรมาส 2,15,อัตราผู้ป่วย DM ที่ได้รับการตรวจเท้าอย่างละเอียดประจำปี,> 80%,>,80,33,760,4.34,ไม่ผ่าน,-75.66
ไตรมาส,2568,2,ไตรมาส 2,16,อัตราผู้ป่วยเบาหวานที่มี Diabetic retinopathy,< 15%,<,15,66,760,8.68,ผ่าน,6.32
ไตรมาส,2568,2,ไตรมาส 2,17,อัตราผู้ป่วยเบาหวานที่มี Diabetic nephropathy,< 30%,<,30,15,760,1.97,ผ่าน,28.03
ไตรมาส,2568,2,ไตรมาส 2,18,อัตราผู้ป่วยเบาหวานที่มีแผลที่เท้า,< 5%,<,5,3,760,0.39,ผ่าน,4.61
ไตรมาส,2568,3,ไตรมาส 3,1,อัตราผู้ป่วย DM ที่ได้รับการตรวจ HbA1c,>= 70%,>=,70,557,744,74.87,ผ่าน,4.87
ไตรมาส,2568,3,ไตรมาส 3,2,อัตราผู้ป่วยเบาหวานชนิดที่ 2 ที่มีระดับ HbA1c < 7%,> 40%,>,40,134,690,19.42,ไม่ผ่าน,-20.58
ไตรมาส,2568,3,ไตรมาส 3,3,อัตราผู้ป่วยเบาหวานชนิดที่ 1 ที่มีระดับ HbA1c < 7%,> 40%,>,40,3,31,9.68,ไม่ผ่าน,-30.32
ไตรมาส,2568,3,ไตรมาส 3,4,อัตราการรักษาในโรงพยาบาลเนื่องจากภาวะแทรกซ้อนเฉียบพลันจาก DM,< 4%,<,4,0,744,0,ผ่าน,4
ไตรมาส,2568,3,ไตรมาส 3,5,อัตราการรักษาในโรงพยาบาลเนื่องจากภาวะแทรกซ้อนเฉียบพลัน Hypoglycemia,< 4%,<,4,0,744,0,ผ่าน,4
ไตรมาส,2568,3,ไตรมาส 3,6,"อัตราการรักษาในโรงพยาบาลเนื่องจากภาวะแทรกซ้อนเฉียบพลัน Hyperglycemia, DKA",< 4%,<,4,0,744,0,ผ่าน,4
ไตรมาส,2568,3,ไตรมาส 3,7,อัตราผู้ป่วย DM ที่ได้รับการตรวจ Lipid profile,> 70%,>,70,131,744,17.61,ไม่ผ่าน,-52.39
ไตรมาส,2568,3,ไตรมาส 3,8,อัตราผู้ป่วย DM ที่มีระดับ LDL < 100 mg/dL,> 60%,>,60,65,744,8.74,ไม่ผ่าน,-51.26
ไตรมาส,2568,3,ไตรมาส 3,9,อัตราของระดับความดันโลหิตในผู้ป่วย DM <= 130/80 mmHg,>= 60%,>=,60,230,744,30.91,ไม่ผ่าน,-29.09
ไตรมาส,2568,3,ไตรมาส 3,10,อัตราผู้ป่วย DM อายุ 40 ปีขึ้นไปที่ได้รับยา Aspirin,> 70%,>,70,230,655,35.11,ไม่ผ่าน,-34.89
ไตรมาส,2568,3,ไตรมาส 3,11,อัตราผู้ป่วย DM ที่ได้รับการตรวจ Microalbuminuria ประจำปี,> 80%,>,80,11,744,1.48,ไม่ผ่าน,-78.52
ไตรมาส,2568,3,ไตรมาส 3,12,อัตราผู้ป่วย DM มี Microalbuminuria ที่ได้รักษาด้วยยา ACEI หรือ ARB,>= 60%,>=,60,3,4,75,ผ่าน,15
ไตรมาส,2568,3,ไตรมาส 3,13,อัตราผู้ป่วย DM ที่ได้รับการตรวจจอประสาทตาประจำปี,> 70%,>,70,83,744,11.16,ไม่ผ่าน,-58.84
ไตรมาส,2568,3,ไตรมาส 3,14,อัตราผู้ป่วย DM ที่ได้รับการตรวจสุขภาพช่องปากประจำปี,> 40%,>,40,37,744,4.97,ไม่ผ่าน,-35.03
ไตรมาส,2568,3,ไตรมาส 3,15,อัตราผู้ป่วย DM ที่ได้รับการตรวจเท้าอย่างละเอียดประจำปี,> 80%,>,80,27,744,3.63,ไม่ผ่าน,-76.37
ไตรมาส,2568,3,ไตรมาส 3,16,อัตราผู้ป่วยเบาหวานที่มี Diabetic retinopathy,< 15%,<,15,61,744,8.2,ผ่าน,6.8
ไตรมาส,2568,3,ไตรมาส 3,17,อัตราผู้ป่วยเบาหวานที่มี Diabetic nephropathy,< 30%,<,30,13,744,1.75,ผ่าน,28.25
ไตรมาส,2568,3,ไตรมาส 3,18,อัตราผู้ป่วยเบาหวานที่มีแผลที่เท้า,< 5%,<,5,4,744,0.54,ผ่าน,4.46
ไตรมาส,2568,4,ไตรมาส 4,1,อัตราผู้ป่วย DM ที่ได้รับการตรวจ HbA1c,>= 70%,>=,70,649,823,78.86,ผ่าน,8.86
ไตรมาส,2568,4,ไตรมาส 4,2,อัตราผู้ป่วยเบาหวานชนิดที่ 2 ที่มีระดับ HbA1c < 7%,> 40%,>,40,140,762,18.37,ไม่ผ่าน,-21.63
ไตรมาส,2568,4,ไตรมาส 4,3,อัตราผู้ป่วยเบาหวานชนิดที่ 1 ที่มีระดับ HbA1c < 7%,> 40%,>,40,3,42,7.14,ไม่ผ่าน,-32.86
ไตรมาส,2568,4,ไตรมาส 4,4,อัตราการรักษาในโรงพยาบาลเนื่องจากภาวะแทรกซ้อนเฉียบพลันจาก DM,< 4%,<,4,0,823,0,ผ่าน,4
ไตรมาส,2568,4,ไตรมาส 4,5,อัตราการรักษาในโรงพยาบาลเนื่องจากภาวะแทรกซ้อนเฉียบพลัน Hypoglycemia,< 4%,<,4,0,823,0,ผ่าน,4
ไตรมาส,2568,4,ไตรมาส 4,6,"อัตราการรักษาในโรงพยาบาลเนื่องจากภาวะแทรกซ้อนเฉียบพลัน Hyperglycemia, DKA",< 4%,<,4,0,823,0,ผ่าน,4
ไตรมาส,2568,4,ไตรมาส 4,7,อัตราผู้ป่วย DM ที่ได้รับการตรวจ Lipid profile,> 70%,>,70,200,823,24.3,ไม่ผ่าน,-45.7
ไตรมาส,2568,4,ไตรมาส 4,8,อัตราผู้ป่วย DM ที่มีระดับ LDL < 100 mg/dL,> 60%,>,60,101,823,12.27,ไม่ผ่าน,-47.73
ไตรมาส,2568,4,ไตรมาส 4,9,อัตราของระดับความดันโลหิตในผู้ป่วย DM <= 130/80 mmHg,>= 60%,>=,60,178,823,21.63,ไม่ผ่าน,-38.37
ไตรมาส,2568,4,ไตรมาส 4,10,อัตราผู้ป่วย DM อายุ 40 ปีขึ้นไปที่ได้รับยา Aspirin,> 70%,>,70,246,704,34.94,ไม่ผ่าน,-35.06
ไตรมาส,2568,4,ไตรมาส 4,11,อัตราผู้ป่วย DM ที่ได้รับการตรวจ Microalbuminuria ประจำปี,> 80%,>,80,18,823,2.19,ไม่ผ่าน,-77.81
ไตรมาส,2568,4,ไตรมาส 4,12,อัตราผู้ป่วย DM มี Microalbuminuria ที่ได้รักษาด้วยยา ACEI หรือ ARB,>= 60%,>=,60,6,10,60,ผ่าน,0
ไตรมาส,2568,4,ไตรมาส 4,13,อัตราผู้ป่วย DM ที่ได้รับการตรวจจอประสาทตาประจำปี,> 70%,>,70,94,823,11.42,ไม่ผ่าน,-58.58
ไตรมาส,2568,4,ไตรมาส 4,14,อัตราผู้ป่วย DM ที่ได้รับการตรวจสุขภาพช่องปากประจำปี,> 40%,>,40,36,823,4.37,ไม่ผ่าน,-35.63
ไตรมาส,2568,4,ไตรมาส 4,15,อัตราผู้ป่วย DM ที่ได้รับการตรวจเท้าอย่างละเอียดประจำปี,> 80%,>,80,34,823,4.13,ไม่ผ่าน,-75.87
ไตรมาส,2568,4,ไตรมาส 4,16,อัตราผู้ป่วยเบาหวานที่มี Diabetic retinopathy,< 15%,<,15,76,823,9.23,ผ่าน,5.77
ไตรมาส,2568,4,ไตรมาส 4,17,อัตราผู้ป่วยเบาหวานที่มี Diabetic nephropathy,< 30%,<,30,20,823,2.43,ผ่าน,27.57
ไตรมาส,2568,4,ไตรมาส 4,18,อัตราผู้ป่วยเบาหวานที่มีแผลที่เท้า,< 5%,<,5,11,823,1.34,ผ่าน,3.66
ไตรมาส,2569,1,ไตรมาส 1,1,อัตราผู้ป่วย DM ที่ได้รับการตรวจ HbA1c,>= 70%,>=,70,653,728,89.7,ผ่าน,19.7
ไตรมาส,2569,1,ไตรมาส 1,2,อัตราผู้ป่วยเบาหวานชนิดที่ 2 ที่มีระดับ HbA1c < 7%,> 40%,>,40,130,666,19.52,ไม่ผ่าน,-20.48
ไตรมาส,2569,1,ไตรมาส 1,3,อัตราผู้ป่วยเบาหวานชนิดที่ 1 ที่มีระดับ HbA1c < 7%,> 40%,>,40,7,41,17.07,ไม่ผ่าน,-22.93
ไตรมาส,2569,1,ไตรมาส 1,4,อัตราการรักษาในโรงพยาบาลเนื่องจากภาวะแทรกซ้อนเฉียบพลันจาก DM,< 4%,<,4,0,728,0,ผ่าน,4
ไตรมาส,2569,1,ไตรมาส 1,5,อัตราการรักษาในโรงพยาบาลเนื่องจากภาวะแทรกซ้อนเฉียบพลัน Hypoglycemia,< 4%,<,4,0,728,0,ผ่าน,4
ไตรมาส,2569,1,ไตรมาส 1,6,"อัตราการรักษาในโรงพยาบาลเนื่องจากภาวะแทรกซ้อนเฉียบพลัน Hyperglycemia, DKA",< 4%,<,4,0,728,0,ผ่าน,4
ไตรมาส,2569,1,ไตรมาส 1,7,อัตราผู้ป่วย DM ที่ได้รับการตรวจ Lipid profile,> 70%,>,70,325,728,44.64,ไม่ผ่าน,-25.36
ไตรมาส,2569,1,ไตรมาส 1,8,อัตราผู้ป่วย DM ที่มีระดับ LDL < 100 mg/dL,> 60%,>,60,190,728,26.1,ไม่ผ่าน,-33.9
ไตรมาส,2569,1,ไตรมาส 1,9,อัตราของระดับความดันโลหิตในผู้ป่วย DM <= 130/80 mmHg,>= 60%,>=,60,107,728,14.7,ไม่ผ่าน,-45.3
ไตรมาส,2569,1,ไตรมาส 1,10,อัตราผู้ป่วย DM อายุ 40 ปีขึ้นไปที่ได้รับยา Aspirin,> 70%,>,70,220,628,35.03,ไม่ผ่าน,-34.97
ไตรมาส,2569,1,ไตรมาส 1,11,อัตราผู้ป่วย DM ที่ได้รับการตรวจ Microalbuminuria ประจำปี,> 80%,>,80,36,728,4.95,ไม่ผ่าน,-75.05
ไตรมาส,2569,1,ไตรมาส 1,12,อัตราผู้ป่วย DM มี Microalbuminuria ที่ได้รักษาด้วยยา ACEI หรือ ARB,>= 60%,>=,60,5,9,55.56,ไม่ผ่าน,-4.44
ไตรมาส,2569,1,ไตรมาส 1,13,อัตราผู้ป่วย DM ที่ได้รับการตรวจจอประสาทตาประจำปี,> 70%,>,70,81,728,11.13,ไม่ผ่าน,-58.87
ไตรมาส,2569,1,ไตรมาส 1,14,อัตราผู้ป่วย DM ที่ได้รับการตรวจสุขภาพช่องปากประจำปี,> 40%,>,40,30,728,4.12,ไม่ผ่าน,-35.88
ไตรมาส,2569,1,ไตรมาส 1,15,อัตราผู้ป่วย DM ที่ได้รับการตรวจเท้าอย่างละเอียดประจำปี,> 80%,>,80,74,728,10.16,ไม่ผ่าน,-69.84
ไตรมาส,2569,1,ไตรมาส 1,16,อัตราผู้ป่วยเบาหวานที่มี Diabetic retinopathy,< 15%,<,15,50,728,6.87,ผ่าน,8.13
ไตรมาส,2569,1,ไตรมาส 1,17,อัตราผู้ป่วยเบาหวานที่มี Diabetic nephropathy,< 30%,<,30,36,728,4.95,ผ่าน,25.05
ไตรมาส,2569,1,ไตรมาส 1,18,อัตราผู้ป่วยเบาหวานที่มีแผลที่เท้า,< 5%,<,5,9,728,1.24,ผ่าน,3.76
ไตรมาส,2569,2,ไตรมาส 2,1,อัตราผู้ป่วย DM ที่ได้รับการตรวจ HbA1c,>= 70%,>=,70,520,854,60.89,ไม่ผ่าน,-9.11
ไตรมาส,2569,2,ไตรมาส 2,2,อัตราผู้ป่วยเบาหวานชนิดที่ 2 ที่มีระดับ HbA1c < 7%,> 40%,>,40,108,768,14.06,ไม่ผ่าน,-25.94
ไตรมาส,2569,2,ไตรมาส 2,3,อัตราผู้ป่วยเบาหวานชนิดที่ 1 ที่มีระดับ HbA1c < 7%,> 40%,>,40,5,59,8.47,ไม่ผ่าน,-31.53
ไตรมาส,2569,2,ไตรมาส 2,4,อัตราการรักษาในโรงพยาบาลเนื่องจากภาวะแทรกซ้อนเฉียบพลันจาก DM,< 4%,<,4,0,854,0,ผ่าน,4
ไตรมาส,2569,2,ไตรมาส 2,5,อัตราการรักษาในโรงพยาบาลเนื่องจากภาวะแทรกซ้อนเฉียบพลัน Hypoglycemia,< 4%,<,4,0,854,0,ผ่าน,4
ไตรมาส,2569,2,ไตรมาส 2,6,"อัตราการรักษาในโรงพยาบาลเนื่องจากภาวะแทรกซ้อนเฉียบพลัน Hyperglycemia, DKA",< 4%,<,4,0,854,0,ผ่าน,4
ไตรมาส,2569,2,ไตรมาส 2,7,อัตราผู้ป่วย DM ที่ได้รับการตรวจ Lipid profile,> 70%,>,70,244,854,28.57,ไม่ผ่าน,-41.43
ไตรมาส,2569,2,ไตรมาส 2,8,อัตราผู้ป่วย DM ที่มีระดับ LDL < 100 mg/dL,> 60%,>,60,140,854,16.39,ไม่ผ่าน,-43.61
ไตรมาส,2569,2,ไตรมาส 2,9,อัตราของระดับความดันโลหิตในผู้ป่วย DM <= 130/80 mmHg,>= 60%,>=,60,163,854,19.09,ไม่ผ่าน,-40.91
ไตรมาส,2569,2,ไตรมาส 2,10,อัตราผู้ป่วย DM อายุ 40 ปีขึ้นไปที่ได้รับยา Aspirin,> 70%,>,70,242,724,33.43,ไม่ผ่าน,-36.57
ไตรมาส,2569,2,ไตรมาส 2,11,อัตราผู้ป่วย DM ที่ได้รับการตรวจ Microalbuminuria ประจำปี,> 80%,>,80,50,854,5.85,ไม่ผ่าน,-74.15
ไตรมาส,2569,2,ไตรมาส 2,12,อัตราผู้ป่วย DM มี Microalbuminuria ที่ได้รักษาด้วยยา ACEI หรือ ARB,>= 60%,>=,60,8,14,57.14,ไม่ผ่าน,-2.86
ไตรมาส,2569,2,ไตรมาส 2,13,อัตราผู้ป่วย DM ที่ได้รับการตรวจจอประสาทตาประจำปี,> 70%,>,70,125,854,14.64,ไม่ผ่าน,-55.36
ไตรมาส,2569,2,ไตรมาส 2,14,อัตราผู้ป่วย DM ที่ได้รับการตรวจสุขภาพช่องปากประจำปี,> 40%,>,40,50,854,5.85,ไม่ผ่าน,-34.15
ไตรมาส,2569,2,ไตรมาส 2,15,อัตราผู้ป่วย DM ที่ได้รับการตรวจเท้าอย่างละเอียดประจำปี,> 80%,>,80,210,854,24.59,ไม่ผ่าน,-55.41
ไตรมาส,2569,2,ไตรมาส 2,16,อัตราผู้ป่วยเบาหวานที่มี Diabetic retinopathy,< 15%,<,15,77,854,9.02,ผ่าน,5.98
ไตรมาส,2569,2,ไตรมาส 2,17,อัตราผู้ป่วยเบาหวานที่มี Diabetic nephropathy,< 30%,<,30,49,854,5.74,ผ่าน,24.26
ไตรมาส,2569,2,ไตรมาส 2,18,อัตราผู้ป่วยเบาหวานที่มีแผลที่เท้า,< 5%,<,5,7,854,0.82,ผ่าน,4.18
ไตรมาส,2569,3,ไตรมาส 3,1,อัตราผู้ป่วย DM ที่ได้รับการตรวจ HbA1c,>= 70%,>=,70,467,755,61.85,ไม่ผ่าน,-8.15
ไตรมาส,2569,3,ไตรมาส 3,2,อัตราผู้ป่วยเบาหวานชนิดที่ 2 ที่มีระดับ HbA1c < 7%,> 40%,>,40,82,668,12.28,ไม่ผ่าน,-27.72
ไตรมาส,2569,3,ไตรมาส 3,3,อัตราผู้ป่วยเบาหวานชนิดที่ 1 ที่มีระดับ HbA1c < 7%,> 40%,>,40,6,51,11.76,ไม่ผ่าน,-28.24
ไตรมาส,2569,3,ไตรมาส 3,4,อัตราการรักษาในโรงพยาบาลเนื่องจากภาวะแทรกซ้อนเฉียบพลันจาก DM,< 4%,<,4,0,755,0,ผ่าน,4
ไตรมาส,2569,3,ไตรมาส 3,5,อัตราการรักษาในโรงพยาบาลเนื่องจากภาวะแทรกซ้อนเฉียบพลัน Hypoglycemia,< 4%,<,4,0,755,0,ผ่าน,4
ไตรมาส,2569,3,ไตรมาส 3,6,"อัตราการรักษาในโรงพยาบาลเนื่องจากภาวะแทรกซ้อนเฉียบพลัน Hyperglycemia, DKA",< 4%,<,4,0,755,0,ผ่าน,4
ไตรมาส,2569,3,ไตรมาส 3,7,อัตราผู้ป่วย DM ที่ได้รับการตรวจ Lipid profile,> 70%,>,70,130,755,17.22,ไม่ผ่าน,-52.78
ไตรมาส,2569,3,ไตรมาส 3,8,อัตราผู้ป่วย DM ที่มีระดับ LDL < 100 mg/dL,> 60%,>,60,73,755,9.67,ไม่ผ่าน,-50.33
ไตรมาส,2569,3,ไตรมาส 3,9,อัตราของระดับความดันโลหิตในผู้ป่วย DM <= 130/80 mmHg,>= 60%,>=,60,13,755,1.72,ไม่ผ่าน,-58.28
ไตรมาส,2569,3,ไตรมาส 3,10,อัตราผู้ป่วย DM อายุ 40 ปีขึ้นไปที่ได้รับยา Aspirin,> 70%,>,70,204,637,32.03,ไม่ผ่าน,-37.97
ไตรมาส,2569,3,ไตรมาส 3,11,อัตราผู้ป่วย DM ที่ได้รับการตรวจ Microalbuminuria ประจำปี,> 80%,>,80,10,755,1.32,ไม่ผ่าน,-78.68
ไตรมาส,2569,3,ไตรมาส 3,12,อัตราผู้ป่วย DM มี Microalbuminuria ที่ได้รักษาด้วยยา ACEI หรือ ARB,>= 60%,>=,60,0,4,0,ไม่ผ่าน,-60
ไตรมาส,2569,3,ไตรมาส 3,13,อัตราผู้ป่วย DM ที่ได้รับการตรวจจอประสาทตาประจำปี,> 70%,>,70,109,755,14.44,ไม่ผ่าน,-55.56
ไตรมาส,2569,3,ไตรมาส 3,14,อัตราผู้ป่วย DM ที่ได้รับการตรวจสุขภาพช่องปากประจำปี,> 40%,>,40,48,755,6.36,ไม่ผ่าน,-33.64
ไตรมาส,2569,3,ไตรมาส 3,15,อัตราผู้ป่วย DM ที่ได้รับการตรวจเท้าอย่างละเอียดประจำปี,> 80%,>,80,217,755,28.74,ไม่ผ่าน,-51.26
ไตรมาส,2569,3,ไตรมาส 3,16,อัตราผู้ป่วยเบาหวานที่มี Diabetic retinopathy,< 15%,<,15,72,755,9.54,ผ่าน,5.46
ไตรมาส,2569,3,ไตรมาส 3,17,อัตราผู้ป่วยเบาหวานที่มี Diabetic nephropathy,< 30%,<,30,53,755,7.02,ผ่าน,22.98
ไตรมาส,2569,3,ไตรมาส 3,18,อัตราผู้ป่วยเบาหวานที่มีแผลที่เท้า,< 5%,<,5,5,755,0.66,ผ่าน,4.34
ไตรมาส,2569,4,ไตรมาส 4,1,อัตราผู้ป่วย DM ที่ได้รับการตรวจ HbA1c,>= 70%,>=,70,72,118,61.02,ไม่ผ่าน,-8.98
ไตรมาส,2569,4,ไตรมาส 4,2,อัตราผู้ป่วยเบาหวานชนิดที่ 2 ที่มีระดับ HbA1c < 7%,> 40%,>,40,21,108,19.44,ไม่ผ่าน,-20.56
ไตรมาส,2569,4,ไตรมาส 4,3,อัตราผู้ป่วยเบาหวานชนิดที่ 1 ที่มีระดับ HbA1c < 7%,> 40%,>,40,1,5,20,ไม่ผ่าน,-20
ไตรมาส,2569,4,ไตรมาส 4,4,อัตราการรักษาในโรงพยาบาลเนื่องจากภาวะแทรกซ้อนเฉียบพลันจาก DM,< 4%,<,4,0,118,0,ผ่าน,4
ไตรมาส,2569,4,ไตรมาส 4,5,อัตราการรักษาในโรงพยาบาลเนื่องจากภาวะแทรกซ้อนเฉียบพลัน Hypoglycemia,< 4%,<,4,0,118,0,ผ่าน,4
ไตรมาส,2569,4,ไตรมาส 4,6,"อัตราการรักษาในโรงพยาบาลเนื่องจากภาวะแทรกซ้อนเฉียบพลัน Hyperglycemia, DKA",< 4%,<,4,0,118,0,ผ่าน,4
ไตรมาส,2569,4,ไตรมาส 4,7,อัตราผู้ป่วย DM ที่ได้รับการตรวจ Lipid profile,> 70%,>,70,19,118,16.1,ไม่ผ่าน,-53.9
ไตรมาส,2569,4,ไตรมาส 4,8,อัตราผู้ป่วย DM ที่มีระดับ LDL < 100 mg/dL,> 60%,>,60,13,118,11.02,ไม่ผ่าน,-48.98
ไตรมาส,2569,4,ไตรมาส 4,9,อัตราของระดับความดันโลหิตในผู้ป่วย DM <= 130/80 mmHg,>= 60%,>=,60,0,118,0,ไม่ผ่าน,-60
ไตรมาส,2569,4,ไตรมาส 4,10,อัตราผู้ป่วย DM อายุ 40 ปีขึ้นไปที่ได้รับยา Aspirin,> 70%,>,70,33,103,32.04,ไม่ผ่าน,-37.96
ไตรมาส,2569,4,ไตรมาส 4,11,อัตราผู้ป่วย DM ที่ได้รับการตรวจ Microalbuminuria ประจำปี,> 80%,>,80,1,118,0.85,ไม่ผ่าน,-79.15
ไตรมาส,2569,4,ไตรมาส 4,12,อัตราผู้ป่วย DM มี Microalbuminuria ที่ได้รักษาด้วยยา ACEI หรือ ARB,>= 60%,>=,60,0,1,0,ไม่ผ่าน,-60
ไตรมาส,2569,4,ไตรมาส 4,13,อัตราผู้ป่วย DM ที่ได้รับการตรวจจอประสาทตาประจำปี,> 70%,>,70,7,118,5.93,ไม่ผ่าน,-64.07
ไตรมาส,2569,4,ไตรมาส 4,14,อัตราผู้ป่วย DM ที่ได้รับการตรวจสุขภาพช่องปากประจำปี,> 40%,>,40,6,118,5.08,ไม่ผ่าน,-34.92
ไตรมาส,2569,4,ไตรมาส 4,15,อัตราผู้ป่วย DM ที่ได้รับการตรวจเท้าอย่างละเอียดประจำปี,> 80%,>,80,45,118,38.14,ไม่ผ่าน,-41.86
ไตรมาส,2569,4,ไตรมาส 4,16,อัตราผู้ป่วยเบาหวานที่มี Diabetic retinopathy,< 15%,<,15,12,118,10.17,ผ่าน,4.83
ไตรมาส,2569,4,ไตรมาส 4,17,อัตราผู้ป่วยเบาหวานที่มี Diabetic nephropathy,< 30%,<,30,5,118,4.24,ผ่าน,25.76
ไตรมาส,2569,4,ไตรมาส 4,18,อัตราผู้ป่วยเบาหวานที่มีแผลที่เท้า,< 5%,<,5,0,118,0,ผ่าน,5
เดือน,2566,1,ต.ค. 2565,1,อัตราผู้ป่วย DM ที่ได้รับการตรวจ HbA1c,>= 70%,>=,70,165,264,62.5,ไม่ผ่าน,-7.5
เดือน,2566,1,ต.ค. 2565,2,อัตราผู้ป่วยเบาหวานชนิดที่ 2 ที่มีระดับ HbA1c < 7%,> 40%,>,40,32,249,12.85,ไม่ผ่าน,-27.15
เดือน,2566,1,ต.ค. 2565,3,อัตราผู้ป่วยเบาหวานชนิดที่ 1 ที่มีระดับ HbA1c < 7%,> 40%,>,40,2,11,18.18,ไม่ผ่าน,-21.82
เดือน,2566,1,ต.ค. 2565,4,อัตราการรักษาในโรงพยาบาลเนื่องจากภาวะแทรกซ้อนเฉียบพลันจาก DM,< 4%,<,4,0,264,0,ผ่าน,4
เดือน,2566,1,ต.ค. 2565,5,อัตราการรักษาในโรงพยาบาลเนื่องจากภาวะแทรกซ้อนเฉียบพลัน Hypoglycemia,< 4%,<,4,0,264,0,ผ่าน,4
เดือน,2566,1,ต.ค. 2565,6,"อัตราการรักษาในโรงพยาบาลเนื่องจากภาวะแทรกซ้อนเฉียบพลัน Hyperglycemia, DKA",< 4%,<,4,0,264,0,ผ่าน,4
เดือน,2566,1,ต.ค. 2565,7,อัตราผู้ป่วย DM ที่ได้รับการตรวจ Lipid profile,> 70%,>,70,33,264,12.5,ไม่ผ่าน,-57.5
เดือน,2566,1,ต.ค. 2565,8,อัตราผู้ป่วย DM ที่มีระดับ LDL < 100 mg/dL,> 60%,>,60,14,264,5.3,ไม่ผ่าน,-54.7
เดือน,2566,1,ต.ค. 2565,9,อัตราของระดับความดันโลหิตในผู้ป่วย DM <= 130/80 mmHg,>= 60%,>=,60,104,264,39.39,ไม่ผ่าน,-20.61
เดือน,2566,1,ต.ค. 2565,10,อัตราผู้ป่วย DM อายุ 40 ปีขึ้นไปที่ได้รับยา Aspirin,> 70%,>,70,103,227,45.37,ไม่ผ่าน,-24.63
เดือน,2566,1,ต.ค. 2565,11,อัตราผู้ป่วย DM ที่ได้รับการตรวจ Microalbuminuria ประจำปี,> 80%,>,80,4,264,1.52,ไม่ผ่าน,-78.48
เดือน,2566,1,ต.ค. 2565,12,อัตราผู้ป่วย DM มี Microalbuminuria ที่ได้รักษาด้วยยา ACEI หรือ ARB,>= 60%,>=,60,0,2,0,ไม่ผ่าน,-60
เดือน,2566,1,ต.ค. 2565,13,อัตราผู้ป่วย DM ที่ได้รับการตรวจจอประสาทตาประจำปี,> 70%,>,70,23,264,8.71,ไม่ผ่าน,-61.29
เดือน,2566,1,ต.ค. 2565,14,อัตราผู้ป่วย DM ที่ได้รับการตรวจสุขภาพช่องปากประจำปี,> 40%,>,40,31,264,11.74,ไม่ผ่าน,-28.26
เดือน,2566,1,ต.ค. 2565,15,อัตราผู้ป่วย DM ที่ได้รับการตรวจเท้าอย่างละเอียดประจำปี,> 80%,>,80,17,264,6.44,ไม่ผ่าน,-73.56
เดือน,2566,1,ต.ค. 2565,16,อัตราผู้ป่วยเบาหวานที่มี Diabetic retinopathy,< 15%,<,15,9,264,3.41,ผ่าน,11.59
เดือน,2566,1,ต.ค. 2565,17,อัตราผู้ป่วยเบาหวานที่มี Diabetic nephropathy,< 30%,<,30,15,264,5.68,ผ่าน,24.32
เดือน,2566,1,ต.ค. 2565,18,อัตราผู้ป่วยเบาหวานที่มีแผลที่เท้า,< 5%,<,5,1,264,0.38,ผ่าน,4.62
เดือน,2566,2,พ.ย. 2565,1,อัตราผู้ป่วย DM ที่ได้รับการตรวจ HbA1c,>= 70%,>=,70,198,313,63.26,ไม่ผ่าน,-6.74
เดือน,2566,2,พ.ย. 2565,2,อัตราผู้ป่วยเบาหวานชนิดที่ 2 ที่มีระดับ HbA1c < 7%,> 40%,>,40,44,296,14.86,ไม่ผ่าน,-25.14
เดือน,2566,2,พ.ย. 2565,3,อัตราผู้ป่วยเบาหวานชนิดที่ 1 ที่มีระดับ HbA1c < 7%,> 40%,>,40,3,12,25,ไม่ผ่าน,-15
เดือน,2566,2,พ.ย. 2565,4,อัตราการรักษาในโรงพยาบาลเนื่องจากภาวะแทรกซ้อนเฉียบพลันจาก DM,< 4%,<,4,0,313,0,ผ่าน,4
เดือน,2566,2,พ.ย. 2565,5,อัตราการรักษาในโรงพยาบาลเนื่องจากภาวะแทรกซ้อนเฉียบพลัน Hypoglycemia,< 4%,<,4,0,313,0,ผ่าน,4
เดือน,2566,2,พ.ย. 2565,6,"อัตราการรักษาในโรงพยาบาลเนื่องจากภาวะแทรกซ้อนเฉียบพลัน Hyperglycemia, DKA",< 4%,<,4,0,313,0,ผ่าน,4
เดือน,2566,2,พ.ย. 2565,7,อัตราผู้ป่วย DM ที่ได้รับการตรวจ Lipid profile,> 70%,>,70,41,313,13.1,ไม่ผ่าน,-56.9
เดือน,2566,2,พ.ย. 2565,8,อัตราผู้ป่วย DM ที่มีระดับ LDL < 100 mg/dL,> 60%,>,60,14,313,4.47,ไม่ผ่าน,-55.53
เดือน,2566,2,พ.ย. 2565,9,อัตราของระดับความดันโลหิตในผู้ป่วย DM <= 130/80 mmHg,>= 60%,>=,60,97,313,30.99,ไม่ผ่าน,-29.01
เดือน,2566,2,พ.ย. 2565,10,อัตราผู้ป่วย DM อายุ 40 ปีขึ้นไปที่ได้รับยา Aspirin,> 70%,>,70,117,283,41.34,ไม่ผ่าน,-28.66
เดือน,2566,2,พ.ย. 2565,11,อัตราผู้ป่วย DM ที่ได้รับการตรวจ Microalbuminuria ประจำปี,> 80%,>,80,4,313,1.28,ไม่ผ่าน,-78.72
เดือน,2566,2,พ.ย. 2565,12,อัตราผู้ป่วย DM มี Microalbuminuria ที่ได้รักษาด้วยยา ACEI หรือ ARB,>= 60%,>=,60,2,3,66.67,ผ่าน,6.67
เดือน,2566,2,พ.ย. 2565,13,อัตราผู้ป่วย DM ที่ได้รับการตรวจจอประสาทตาประจำปี,> 70%,>,70,13,313,4.15,ไม่ผ่าน,-65.85
เดือน,2566,2,พ.ย. 2565,14,อัตราผู้ป่วย DM ที่ได้รับการตรวจสุขภาพช่องปากประจำปี,> 40%,>,40,15,313,4.79,ไม่ผ่าน,-35.21
เดือน,2566,2,พ.ย. 2565,15,อัตราผู้ป่วย DM ที่ได้รับการตรวจเท้าอย่างละเอียดประจำปี,> 80%,>,80,13,313,4.15,ไม่ผ่าน,-75.85
เดือน,2566,2,พ.ย. 2565,16,อัตราผู้ป่วยเบาหวานที่มี Diabetic retinopathy,< 15%,<,15,20,313,6.39,ผ่าน,8.61
เดือน,2566,2,พ.ย. 2565,17,อัตราผู้ป่วยเบาหวานที่มี Diabetic nephropathy,< 30%,<,30,14,313,4.47,ผ่าน,25.53
เดือน,2566,2,พ.ย. 2565,18,อัตราผู้ป่วยเบาหวานที่มีแผลที่เท้า,< 5%,<,5,4,313,1.28,ผ่าน,3.72
เดือน,2566,3,ธ.ค. 2565,1,อัตราผู้ป่วย DM ที่ได้รับการตรวจ HbA1c,>= 70%,>=,70,148,246,60.16,ไม่ผ่าน,-9.84
เดือน,2566,3,ธ.ค. 2565,2,อัตราผู้ป่วยเบาหวานชนิดที่ 2 ที่มีระดับ HbA1c < 7%,> 40%,>,40,37,236,15.68,ไม่ผ่าน,-24.32
เดือน,2566,3,ธ.ค. 2565,3,อัตราผู้ป่วยเบาหวานชนิดที่ 1 ที่มีระดับ HbA1c < 7%,> 40%,>,40,0,6,0,ไม่ผ่าน,-40
เดือน,2566,3,ธ.ค. 2565,4,อัตราการรักษาในโรงพยาบาลเนื่องจากภาวะแทรกซ้อนเฉียบพลันจาก DM,< 4%,<,4,0,246,0,ผ่าน,4
เดือน,2566,3,ธ.ค. 2565,5,อัตราการรักษาในโรงพยาบาลเนื่องจากภาวะแทรกซ้อนเฉียบพลัน Hypoglycemia,< 4%,<,4,0,246,0,ผ่าน,4
เดือน,2566,3,ธ.ค. 2565,6,"อัตราการรักษาในโรงพยาบาลเนื่องจากภาวะแทรกซ้อนเฉียบพลัน Hyperglycemia, DKA",< 4%,<,4,0,246,0,ผ่าน,4
เดือน,2566,3,ธ.ค. 2565,7,อัตราผู้ป่วย DM ที่ได้รับการตรวจ Lipid profile,> 70%,>,70,23,246,9.35,ไม่ผ่าน,-60.65
เดือน,2566,3,ธ.ค. 2565,8,อัตราผู้ป่วย DM ที่มีระดับ LDL < 100 mg/dL,> 60%,>,60,9,246,3.66,ไม่ผ่าน,-56.34
เดือน,2566,3,ธ.ค. 2565,9,อัตราของระดับความดันโลหิตในผู้ป่วย DM <= 130/80 mmHg,>= 60%,>=,60,76,246,30.89,ไม่ผ่าน,-29.11
เดือน,2566,3,ธ.ค. 2565,10,อัตราผู้ป่วย DM อายุ 40 ปีขึ้นไปที่ได้รับยา Aspirin,> 70%,>,70,91,210,43.33,ไม่ผ่าน,-26.67
เดือน,2566,3,ธ.ค. 2565,11,อัตราผู้ป่วย DM ที่ได้รับการตรวจ Microalbuminuria ประจำปี,> 80%,>,80,2,246,0.81,ไม่ผ่าน,-79.19
เดือน,2566,3,ธ.ค. 2565,12,อัตราผู้ป่วย DM มี Microalbuminuria ที่ได้รักษาด้วยยา ACEI หรือ ARB,>= 60%,>=,60,0,1,0,ไม่ผ่าน,-60
เดือน,2566,3,ธ.ค. 2565,13,อัตราผู้ป่วย DM ที่ได้รับการตรวจจอประสาทตาประจำปี,> 70%,>,70,19,246,7.72,ไม่ผ่าน,-62.28
เดือน,2566,3,ธ.ค. 2565,14,อัตราผู้ป่วย DM ที่ได้รับการตรวจสุขภาพช่องปากประจำปี,> 40%,>,40,19,246,7.72,ไม่ผ่าน,-32.28
เดือน,2566,3,ธ.ค. 2565,15,อัตราผู้ป่วย DM ที่ได้รับการตรวจเท้าอย่างละเอียดประจำปี,> 80%,>,80,6,246,2.44,ไม่ผ่าน,-77.56
เดือน,2566,3,ธ.ค. 2565,16,อัตราผู้ป่วยเบาหวานที่มี Diabetic retinopathy,< 15%,<,15,12,246,4.88,ผ่าน,10.12
เดือน,2566,3,ธ.ค. 2565,17,อัตราผู้ป่วยเบาหวานที่มี Diabetic nephropathy,< 30%,<,30,10,246,4.07,ผ่าน,25.93
เดือน,2566,3,ธ.ค. 2565,18,อัตราผู้ป่วยเบาหวานที่มีแผลที่เท้า,< 5%,<,5,1,246,0.41,ผ่าน,4.59
เดือน,2566,4,ม.ค. 2566,1,อัตราผู้ป่วย DM ที่ได้รับการตรวจ HbA1c,>= 70%,>=,70,198,327,60.55,ไม่ผ่าน,-9.45
เดือน,2566,4,ม.ค. 2566,2,อัตราผู้ป่วยเบาหวานชนิดที่ 2 ที่มีระดับ HbA1c < 7%,> 40%,>,40,48,314,15.29,ไม่ผ่าน,-24.71
เดือน,2566,4,ม.ค. 2566,3,อัตราผู้ป่วยเบาหวานชนิดที่ 1 ที่มีระดับ HbA1c < 7%,> 40%,>,40,3,12,25,ไม่ผ่าน,-15
เดือน,2566,4,ม.ค. 2566,4,อัตราการรักษาในโรงพยาบาลเนื่องจากภาวะแทรกซ้อนเฉียบพลันจาก DM,< 4%,<,4,0,327,0,ผ่าน,4
เดือน,2566,4,ม.ค. 2566,5,อัตราการรักษาในโรงพยาบาลเนื่องจากภาวะแทรกซ้อนเฉียบพลัน Hypoglycemia,< 4%,<,4,0,327,0,ผ่าน,4
เดือน,2566,4,ม.ค. 2566,6,"อัตราการรักษาในโรงพยาบาลเนื่องจากภาวะแทรกซ้อนเฉียบพลัน Hyperglycemia, DKA",< 4%,<,4,0,327,0,ผ่าน,4
เดือน,2566,4,ม.ค. 2566,7,อัตราผู้ป่วย DM ที่ได้รับการตรวจ Lipid profile,> 70%,>,70,62,327,18.96,ไม่ผ่าน,-51.04
เดือน,2566,4,ม.ค. 2566,8,อัตราผู้ป่วย DM ที่มีระดับ LDL < 100 mg/dL,> 60%,>,60,32,327,9.79,ไม่ผ่าน,-50.21
เดือน,2566,4,ม.ค. 2566,9,อัตราของระดับความดันโลหิตในผู้ป่วย DM <= 130/80 mmHg,>= 60%,>=,60,79,327,24.16,ไม่ผ่าน,-35.84
เดือน,2566,4,ม.ค. 2566,10,อัตราผู้ป่วย DM อายุ 40 ปีขึ้นไปที่ได้รับยา Aspirin,> 70%,>,70,118,285,41.4,ไม่ผ่าน,-28.6
เดือน,2566,4,ม.ค. 2566,11,อัตราผู้ป่วย DM ที่ได้รับการตรวจ Microalbuminuria ประจำปี,> 80%,>,80,6,327,1.83,ไม่ผ่าน,-78.17
เดือน,2566,4,ม.ค. 2566,12,อัตราผู้ป่วย DM มี Microalbuminuria ที่ได้รักษาด้วยยา ACEI หรือ ARB,>= 60%,>=,60,2,6,33.33,ไม่ผ่าน,-26.67
เดือน,2566,4,ม.ค. 2566,13,อัตราผู้ป่วย DM ที่ได้รับการตรวจจอประสาทตาประจำปี,> 70%,>,70,19,327,5.81,ไม่ผ่าน,-64.19
เดือน,2566,4,ม.ค. 2566,14,อัตราผู้ป่วย DM ที่ได้รับการตรวจสุขภาพช่องปากประจำปี,> 40%,>,40,14,327,4.28,ไม่ผ่าน,-35.72
เดือน,2566,4,ม.ค. 2566,15,อัตราผู้ป่วย DM ที่ได้รับการตรวจเท้าอย่างละเอียดประจำปี,> 80%,>,80,12,327,3.67,ไม่ผ่าน,-76.33
เดือน,2566,4,ม.ค. 2566,16,อัตราผู้ป่วยเบาหวานที่มี Diabetic retinopathy,< 15%,<,15,16,327,4.89,ผ่าน,10.11
เดือน,2566,4,ม.ค. 2566,17,อัตราผู้ป่วยเบาหวานที่มี Diabetic nephropathy,< 30%,<,30,12,327,3.67,ผ่าน,26.33
เดือน,2566,4,ม.ค. 2566,18,อัตราผู้ป่วยเบาหวานที่มีแผลที่เท้า,< 5%,<,5,1,327,0.31,ผ่าน,4.69
เดือน,2566,5,ก.พ. 2566,1,อัตราผู้ป่วย DM ที่ได้รับการตรวจ HbA1c,>= 70%,>=,70,154,285,54.04,ไม่ผ่าน,-15.96
เดือน,2566,5,ก.พ. 2566,2,อัตราผู้ป่วยเบาหวานชนิดที่ 2 ที่มีระดับ HbA1c < 7%,> 40%,>,40,43,272,15.81,ไม่ผ่าน,-24.19
เดือน,2566,5,ก.พ. 2566,3,อัตราผู้ป่วยเบาหวานชนิดที่ 1 ที่มีระดับ HbA1c < 7%,> 40%,>,40,3,11,27.27,ไม่ผ่าน,-12.73
เดือน,2566,5,ก.พ. 2566,4,อัตราการรักษาในโรงพยาบาลเนื่องจากภาวะแทรกซ้อนเฉียบพลันจาก DM,< 4%,<,4,0,285,0,ผ่าน,4
เดือน,2566,5,ก.พ. 2566,5,อัตราการรักษาในโรงพยาบาลเนื่องจากภาวะแทรกซ้อนเฉียบพลัน Hypoglycemia,< 4%,<,4,0,285,0,ผ่าน,4
เดือน,2566,5,ก.พ. 2566,6,"อัตราการรักษาในโรงพยาบาลเนื่องจากภาวะแทรกซ้อนเฉียบพลัน Hyperglycemia, DKA",< 4%,<,4,0,285,0,ผ่าน,4
เดือน,2566,5,ก.พ. 2566,7,อัตราผู้ป่วย DM ที่ได้รับการตรวจ Lipid profile,> 70%,>,70,36,285,12.63,ไม่ผ่าน,-57.37
เดือน,2566,5,ก.พ. 2566,8,อัตราผู้ป่วย DM ที่มีระดับ LDL < 100 mg/dL,> 60%,>,60,15,285,5.26,ไม่ผ่าน,-54.74
เดือน,2566,5,ก.พ. 2566,9,อัตราของระดับความดันโลหิตในผู้ป่วย DM <= 130/80 mmHg,>= 60%,>=,60,50,285,17.54,ไม่ผ่าน,-42.46
เดือน,2566,5,ก.พ. 2566,10,อัตราผู้ป่วย DM อายุ 40 ปีขึ้นไปที่ได้รับยา Aspirin,> 70%,>,70,99,256,38.67,ไม่ผ่าน,-31.33
เดือน,2566,5,ก.พ. 2566,11,อัตราผู้ป่วย DM ที่ได้รับการตรวจ Microalbuminuria ประจำปี,> 80%,>,80,1,285,0.35,ไม่ผ่าน,-79.65
เดือน,2566,5,ก.พ. 2566,12,อัตราผู้ป่วย DM มี Microalbuminuria ที่ได้รักษาด้วยยา ACEI หรือ ARB,>= 60%,>=,60,0,0,,ไม่มีข้อมูล,
เดือน,2566,5,ก.พ. 2566,13,อัตราผู้ป่วย DM ที่ได้รับการตรวจจอประสาทตาประจำปี,> 70%,>,70,23,285,8.07,ไม่ผ่าน,-61.93
เดือน,2566,5,ก.พ. 2566,14,อัตราผู้ป่วย DM ที่ได้รับการตรวจสุขภาพช่องปากประจำปี,> 40%,>,40,19,285,6.67,ไม่ผ่าน,-33.33
เดือน,2566,5,ก.พ. 2566,15,อัตราผู้ป่วย DM ที่ได้รับการตรวจเท้าอย่างละเอียดประจำปี,> 80%,>,80,15,285,5.26,ไม่ผ่าน,-74.74
เดือน,2566,5,ก.พ. 2566,16,อัตราผู้ป่วยเบาหวานที่มี Diabetic retinopathy,< 15%,<,15,17,285,5.96,ผ่าน,9.04
เดือน,2566,5,ก.พ. 2566,17,อัตราผู้ป่วยเบาหวานที่มี Diabetic nephropathy,< 30%,<,30,11,285,3.86,ผ่าน,26.14
เดือน,2566,5,ก.พ. 2566,18,อัตราผู้ป่วยเบาหวานที่มีแผลที่เท้า,< 5%,<,5,2,285,0.7,ผ่าน,4.3
เดือน,2566,6,มี.ค. 2566,1,อัตราผู้ป่วย DM ที่ได้รับการตรวจ HbA1c,>= 70%,>=,70,163,273,59.71,ไม่ผ่าน,-10.29
เดือน,2566,6,มี.ค. 2566,2,อัตราผู้ป่วยเบาหวานชนิดที่ 2 ที่มีระดับ HbA1c < 7%,> 40%,>,40,44,261,16.86,ไม่ผ่าน,-23.14
เดือน,2566,6,มี.ค. 2566,3,อัตราผู้ป่วยเบาหวานชนิดที่ 1 ที่มีระดับ HbA1c < 7%,> 40%,>,40,2,9,22.22,ไม่ผ่าน,-17.78
เดือน,2566,6,มี.ค. 2566,4,อัตราการรักษาในโรงพยาบาลเนื่องจากภาวะแทรกซ้อนเฉียบพลันจาก DM,< 4%,<,4,0,273,0,ผ่าน,4
เดือน,2566,6,มี.ค. 2566,5,อัตราการรักษาในโรงพยาบาลเนื่องจากภาวะแทรกซ้อนเฉียบพลัน Hypoglycemia,< 4%,<,4,0,273,0,ผ่าน,4
เดือน,2566,6,มี.ค. 2566,6,"อัตราการรักษาในโรงพยาบาลเนื่องจากภาวะแทรกซ้อนเฉียบพลัน Hyperglycemia, DKA",< 4%,<,4,0,273,0,ผ่าน,4
เดือน,2566,6,มี.ค. 2566,7,อัตราผู้ป่วย DM ที่ได้รับการตรวจ Lipid profile,> 70%,>,70,43,273,15.75,ไม่ผ่าน,-54.25
เดือน,2566,6,มี.ค. 2566,8,อัตราผู้ป่วย DM ที่มีระดับ LDL < 100 mg/dL,> 60%,>,60,26,273,9.52,ไม่ผ่าน,-50.48
เดือน,2566,6,มี.ค. 2566,9,อัตราของระดับความดันโลหิตในผู้ป่วย DM <= 130/80 mmHg,>= 60%,>=,60,51,273,18.68,ไม่ผ่าน,-41.32
เดือน,2566,6,มี.ค. 2566,10,อัตราผู้ป่วย DM อายุ 40 ปีขึ้นไปที่ได้รับยา Aspirin,> 70%,>,70,102,239,42.68,ไม่ผ่าน,-27.32
เดือน,2566,6,มี.ค. 2566,11,อัตราผู้ป่วย DM ที่ได้รับการตรวจ Microalbuminuria ประจำปี,> 80%,>,80,3,273,1.1,ไม่ผ่าน,-78.9
เดือน,2566,6,มี.ค. 2566,12,อัตราผู้ป่วย DM มี Microalbuminuria ที่ได้รักษาด้วยยา ACEI หรือ ARB,>= 60%,>=,60,1,1,100,ผ่าน,40
เดือน,2566,6,มี.ค. 2566,13,อัตราผู้ป่วย DM ที่ได้รับการตรวจจอประสาทตาประจำปี,> 70%,>,70,24,273,8.79,ไม่ผ่าน,-61.21
เดือน,2566,6,มี.ค. 2566,14,อัตราผู้ป่วย DM ที่ได้รับการตรวจสุขภาพช่องปากประจำปี,> 40%,>,40,4,273,1.47,ไม่ผ่าน,-38.53
เดือน,2566,6,มี.ค. 2566,15,อัตราผู้ป่วย DM ที่ได้รับการตรวจเท้าอย่างละเอียดประจำปี,> 80%,>,80,21,273,7.69,ไม่ผ่าน,-72.31
เดือน,2566,6,มี.ค. 2566,16,อัตราผู้ป่วยเบาหวานที่มี Diabetic retinopathy,< 15%,<,15,21,273,7.69,ผ่าน,7.31
เดือน,2566,6,มี.ค. 2566,17,อัตราผู้ป่วยเบาหวานที่มี Diabetic nephropathy,< 30%,<,30,14,273,5.13,ผ่าน,24.87
เดือน,2566,6,มี.ค. 2566,18,อัตราผู้ป่วยเบาหวานที่มีแผลที่เท้า,< 5%,<,5,3,273,1.1,ผ่าน,3.9
เดือน,2566,7,เม.ย. 2566,1,อัตราผู้ป่วย DM ที่ได้รับการตรวจ HbA1c,>= 70%,>=,70,137,265,51.7,ไม่ผ่าน,-18.3
เดือน,2566,7,เม.ย. 2566,2,อัตราผู้ป่วยเบาหวานชนิดที่ 2 ที่มีระดับ HbA1c < 7%,> 40%,>,40,23,253,9.09,ไม่ผ่าน,-30.91
เดือน,2566,7,เม.ย. 2566,3,อัตราผู้ป่วยเบาหวานชนิดที่ 1 ที่มีระดับ HbA1c < 7%,> 40%,>,40,2,9,22.22,ไม่ผ่าน,-17.78
เดือน,2566,7,เม.ย. 2566,4,อัตราการรักษาในโรงพยาบาลเนื่องจากภาวะแทรกซ้อนเฉียบพลันจาก DM,< 4%,<,4,0,265,0,ผ่าน,4
เดือน,2566,7,เม.ย. 2566,5,อัตราการรักษาในโรงพยาบาลเนื่องจากภาวะแทรกซ้อนเฉียบพลัน Hypoglycemia,< 4%,<,4,0,265,0,ผ่าน,4
เดือน,2566,7,เม.ย. 2566,6,"อัตราการรักษาในโรงพยาบาลเนื่องจากภาวะแทรกซ้อนเฉียบพลัน Hyperglycemia, DKA",< 4%,<,4,0,265,0,ผ่าน,4
เดือน,2566,7,เม.ย. 2566,7,อัตราผู้ป่วย DM ที่ได้รับการตรวจ Lipid profile,> 70%,>,70,21,265,7.92,ไม่ผ่าน,-62.08
เดือน,2566,7,เม.ย. 2566,8,อัตราผู้ป่วย DM ที่มีระดับ LDL < 100 mg/dL,> 60%,>,60,9,265,3.4,ไม่ผ่าน,-56.6
เดือน,2566,7,เม.ย. 2566,9,อัตราของระดับความดันโลหิตในผู้ป่วย DM <= 130/80 mmHg,>= 60%,>=,60,86,265,32.45,ไม่ผ่าน,-27.55
เดือน,2566,7,เม.ย. 2566,10,อัตราผู้ป่วย DM อายุ 40 ปีขึ้นไปที่ได้รับยา Aspirin,> 70%,>,70,96,232,41.38,ไม่ผ่าน,-28.62
เดือน,2566,7,เม.ย. 2566,11,อัตราผู้ป่วย DM ที่ได้รับการตรวจ Microalbuminuria ประจำปี,> 80%,>,80,1,265,0.38,ไม่ผ่าน,-79.62
เดือน,2566,7,เม.ย. 2566,12,อัตราผู้ป่วย DM มี Microalbuminuria ที่ได้รักษาด้วยยา ACEI หรือ ARB,>= 60%,>=,60,0,0,,ไม่มีข้อมูล,
เดือน,2566,7,เม.ย. 2566,13,อัตราผู้ป่วย DM ที่ได้รับการตรวจจอประสาทตาประจำปี,> 70%,>,70,27,265,10.19,ไม่ผ่าน,-59.81
เดือน,2566,7,เม.ย. 2566,14,อัตราผู้ป่วย DM ที่ได้รับการตรวจสุขภาพช่องปากประจำปี,> 40%,>,40,12,265,4.53,ไม่ผ่าน,-35.47
เดือน,2566,7,เม.ย. 2566,15,อัตราผู้ป่วย DM ที่ได้รับการตรวจเท้าอย่างละเอียดประจำปี,> 80%,>,80,7,265,2.64,ไม่ผ่าน,-77.36
เดือน,2566,7,เม.ย. 2566,16,อัตราผู้ป่วยเบาหวานที่มี Diabetic retinopathy,< 15%,<,15,13,265,4.91,ผ่าน,10.09
เดือน,2566,7,เม.ย. 2566,17,อัตราผู้ป่วยเบาหวานที่มี Diabetic nephropathy,< 30%,<,30,10,265,3.77,ผ่าน,26.23
เดือน,2566,7,เม.ย. 2566,18,อัตราผู้ป่วยเบาหวานที่มีแผลที่เท้า,< 5%,<,5,2,265,0.75,ผ่าน,4.25
เดือน,2566,8,พ.ค. 2566,1,อัตราผู้ป่วย DM ที่ได้รับการตรวจ HbA1c,>= 70%,>=,70,168,291,57.73,ไม่ผ่าน,-12.27
เดือน,2566,8,พ.ค. 2566,2,อัตราผู้ป่วยเบาหวานชนิดที่ 2 ที่มีระดับ HbA1c < 7%,> 40%,>,40,35,281,12.46,ไม่ผ่าน,-27.54
เดือน,2566,8,พ.ค. 2566,3,อัตราผู้ป่วยเบาหวานชนิดที่ 1 ที่มีระดับ HbA1c < 7%,> 40%,>,40,0,6,0,ไม่ผ่าน,-40
เดือน,2566,8,พ.ค. 2566,4,อัตราการรักษาในโรงพยาบาลเนื่องจากภาวะแทรกซ้อนเฉียบพลันจาก DM,< 4%,<,4,0,291,0,ผ่าน,4
เดือน,2566,8,พ.ค. 2566,5,อัตราการรักษาในโรงพยาบาลเนื่องจากภาวะแทรกซ้อนเฉียบพลัน Hypoglycemia,< 4%,<,4,0,291,0,ผ่าน,4
เดือน,2566,8,พ.ค. 2566,6,"อัตราการรักษาในโรงพยาบาลเนื่องจากภาวะแทรกซ้อนเฉียบพลัน Hyperglycemia, DKA",< 4%,<,4,0,291,0,ผ่าน,4
เดือน,2566,8,พ.ค. 2566,7,อัตราผู้ป่วย DM ที่ได้รับการตรวจ Lipid profile,> 70%,>,70,27,291,9.28,ไม่ผ่าน,-60.72
เดือน,2566,8,พ.ค. 2566,8,อัตราผู้ป่วย DM ที่มีระดับ LDL < 100 mg/dL,> 60%,>,60,16,291,5.5,ไม่ผ่าน,-54.5
เดือน,2566,8,พ.ค. 2566,9,อัตราของระดับความดันโลหิตในผู้ป่วย DM <= 130/80 mmHg,>= 60%,>=,60,93,291,31.96,ไม่ผ่าน,-28.04
เดือน,2566,8,พ.ค. 2566,10,อัตราผู้ป่วย DM อายุ 40 ปีขึ้นไปที่ได้รับยา Aspirin,> 70%,>,70,101,256,39.45,ไม่ผ่าน,-30.55
เดือน,2566,8,พ.ค. 2566,11,อัตราผู้ป่วย DM ที่ได้รับการตรวจ Microalbuminuria ประจำปี,> 80%,>,80,0,291,0,ไม่ผ่าน,-80
เดือน,2566,8,พ.ค. 2566,12,อัตราผู้ป่วย DM มี Microalbuminuria ที่ได้รักษาด้วยยา ACEI หรือ ARB,>= 60%,>=,60,0,0,,ไม่มีข้อมูล,
เดือน,2566,8,พ.ค. 2566,13,อัตราผู้ป่วย DM ที่ได้รับการตรวจจอประสาทตาประจำปี,> 70%,>,70,33,291,11.34,ไม่ผ่าน,-58.66
เดือน,2566,8,พ.ค. 2566,14,อัตราผู้ป่วย DM ที่ได้รับการตรวจสุขภาพช่องปากประจำปี,> 40%,>,40,7,291,2.41,ไม่ผ่าน,-37.59
เดือน,2566,8,พ.ค. 2566,15,อัตราผู้ป่วย DM ที่ได้รับการตรวจเท้าอย่างละเอียดประจำปี,> 80%,>,80,12,291,4.12,ไม่ผ่าน,-75.88
เดือน,2566,8,พ.ค. 2566,16,อัตราผู้ป่วยเบาหวานที่มี Diabetic retinopathy,< 15%,<,15,18,291,6.19,ผ่าน,8.81
เดือน,2566,8,พ.ค. 2566,17,อัตราผู้ป่วยเบาหวานที่มี Diabetic nephropathy,< 30%,<,30,12,291,4.12,ผ่าน,25.88
เดือน,2566,8,พ.ค. 2566,18,อัตราผู้ป่วยเบาหวานที่มีแผลที่เท้า,< 5%,<,5,3,291,1.03,ผ่าน,3.97
เดือน,2566,9,มิ.ย. 2566,1,อัตราผู้ป่วย DM ที่ได้รับการตรวจ HbA1c,>= 70%,>=,70,175,276,63.41,ไม่ผ่าน,-6.59
เดือน,2566,9,มิ.ย. 2566,2,อัตราผู้ป่วยเบาหวานชนิดที่ 2 ที่มีระดับ HbA1c < 7%,> 40%,>,40,46,263,17.49,ไม่ผ่าน,-22.51
เดือน,2566,9,มิ.ย. 2566,3,อัตราผู้ป่วยเบาหวานชนิดที่ 1 ที่มีระดับ HbA1c < 7%,> 40%,>,40,2,11,18.18,ไม่ผ่าน,-21.82
เดือน,2566,9,มิ.ย. 2566,4,อัตราการรักษาในโรงพยาบาลเนื่องจากภาวะแทรกซ้อนเฉียบพลันจาก DM,< 4%,<,4,0,276,0,ผ่าน,4
เดือน,2566,9,มิ.ย. 2566,5,อัตราการรักษาในโรงพยาบาลเนื่องจากภาวะแทรกซ้อนเฉียบพลัน Hypoglycemia,< 4%,<,4,0,276,0,ผ่าน,4
เดือน,2566,9,มิ.ย. 2566,6,"อัตราการรักษาในโรงพยาบาลเนื่องจากภาวะแทรกซ้อนเฉียบพลัน Hyperglycemia, DKA",< 4%,<,4,0,276,0,ผ่าน,4
เดือน,2566,9,มิ.ย. 2566,7,อัตราผู้ป่วย DM ที่ได้รับการตรวจ Lipid profile,> 70%,>,70,27,276,9.78,ไม่ผ่าน,-60.22
เดือน,2566,9,มิ.ย. 2566,8,อัตราผู้ป่วย DM ที่มีระดับ LDL < 100 mg/dL,> 60%,>,60,12,276,4.35,ไม่ผ่าน,-55.65
เดือน,2566,9,มิ.ย. 2566,9,อัตราของระดับความดันโลหิตในผู้ป่วย DM <= 130/80 mmHg,>= 60%,>=,60,89,276,32.25,ไม่ผ่าน,-27.75
เดือน,2566,9,มิ.ย. 2566,10,อัตราผู้ป่วย DM อายุ 40 ปีขึ้นไปที่ได้รับยา Aspirin,> 70%,>,70,94,248,37.9,ไม่ผ่าน,-32.1
เดือน,2566,9,มิ.ย. 2566,11,อัตราผู้ป่วย DM ที่ได้รับการตรวจ Microalbuminuria ประจำปี,> 80%,>,80,2,276,0.72,ไม่ผ่าน,-79.28
เดือน,2566,9,มิ.ย. 2566,12,อัตราผู้ป่วย DM มี Microalbuminuria ที่ได้รักษาด้วยยา ACEI หรือ ARB,>= 60%,>=,60,0,2,0,ไม่ผ่าน,-60
เดือน,2566,9,มิ.ย. 2566,13,อัตราผู้ป่วย DM ที่ได้รับการตรวจจอประสาทตาประจำปี,> 70%,>,70,28,276,10.14,ไม่ผ่าน,-59.86
เดือน,2566,9,มิ.ย. 2566,14,อัตราผู้ป่วย DM ที่ได้รับการตรวจสุขภาพช่องปากประจำปี,> 40%,>,40,10,276,3.62,ไม่ผ่าน,-36.38
เดือน,2566,9,มิ.ย. 2566,15,อัตราผู้ป่วย DM ที่ได้รับการตรวจเท้าอย่างละเอียดประจำปี,> 80%,>,80,15,276,5.43,ไม่ผ่าน,-74.57
เดือน,2566,9,มิ.ย. 2566,16,อัตราผู้ป่วยเบาหวานที่มี Diabetic retinopathy,< 15%,<,15,17,276,6.16,ผ่าน,8.84
เดือน,2566,9,มิ.ย. 2566,17,อัตราผู้ป่วยเบาหวานที่มี Diabetic nephropathy,< 30%,<,30,14,276,5.07,ผ่าน,24.93
เดือน,2566,9,มิ.ย. 2566,18,อัตราผู้ป่วยเบาหวานที่มีแผลที่เท้า,< 5%,<,5,2,276,0.72,ผ่าน,4.28
เดือน,2566,10,ก.ค. 2566,1,อัตราผู้ป่วย DM ที่ได้รับการตรวจ HbA1c,>= 70%,>=,70,181,294,61.56,ไม่ผ่าน,-8.44
เดือน,2566,10,ก.ค. 2566,2,อัตราผู้ป่วยเบาหวานชนิดที่ 2 ที่มีระดับ HbA1c < 7%,> 40%,>,40,39,280,13.93,ไม่ผ่าน,-26.07
เดือน,2566,10,ก.ค. 2566,3,อัตราผู้ป่วยเบาหวานชนิดที่ 1 ที่มีระดับ HbA1c < 7%,> 40%,>,40,1,9,11.11,ไม่ผ่าน,-28.89
เดือน,2566,10,ก.ค. 2566,4,อัตราการรักษาในโรงพยาบาลเนื่องจากภาวะแทรกซ้อนเฉียบพลันจาก DM,< 4%,<,4,0,294,0,ผ่าน,4
เดือน,2566,10,ก.ค. 2566,5,อัตราการรักษาในโรงพยาบาลเนื่องจากภาวะแทรกซ้อนเฉียบพลัน Hypoglycemia,< 4%,<,4,0,294,0,ผ่าน,4
เดือน,2566,10,ก.ค. 2566,6,"อัตราการรักษาในโรงพยาบาลเนื่องจากภาวะแทรกซ้อนเฉียบพลัน Hyperglycemia, DKA",< 4%,<,4,0,294,0,ผ่าน,4
เดือน,2566,10,ก.ค. 2566,7,อัตราผู้ป่วย DM ที่ได้รับการตรวจ Lipid profile,> 70%,>,70,32,294,10.88,ไม่ผ่าน,-59.12
เดือน,2566,10,ก.ค. 2566,8,อัตราผู้ป่วย DM ที่มีระดับ LDL < 100 mg/dL,> 60%,>,60,14,294,4.76,ไม่ผ่าน,-55.24
เดือน,2566,10,ก.ค. 2566,9,อัตราของระดับความดันโลหิตในผู้ป่วย DM <= 130/80 mmHg,>= 60%,>=,60,106,294,36.05,ไม่ผ่าน,-23.95
เดือน,2566,10,ก.ค. 2566,10,อัตราผู้ป่วย DM อายุ 40 ปีขึ้นไปที่ได้รับยา Aspirin,> 70%,>,70,102,260,39.23,ไม่ผ่าน,-30.77
เดือน,2566,10,ก.ค. 2566,11,อัตราผู้ป่วย DM ที่ได้รับการตรวจ Microalbuminuria ประจำปี,> 80%,>,80,0,294,0,ไม่ผ่าน,-80
เดือน,2566,10,ก.ค. 2566,12,อัตราผู้ป่วย DM มี Microalbuminuria ที่ได้รักษาด้วยยา ACEI หรือ ARB,>= 60%,>=,60,0,0,,ไม่มีข้อมูล,
เดือน,2566,10,ก.ค. 2566,13,อัตราผู้ป่วย DM ที่ได้รับการตรวจจอประสาทตาประจำปี,> 70%,>,70,23,294,7.82,ไม่ผ่าน,-62.18
เดือน,2566,10,ก.ค. 2566,14,อัตราผู้ป่วย DM ที่ได้รับการตรวจสุขภาพช่องปากประจำปี,> 40%,>,40,12,294,4.08,ไม่ผ่าน,-35.92
เดือน,2566,10,ก.ค. 2566,15,อัตราผู้ป่วย DM ที่ได้รับการตรวจเท้าอย่างละเอียดประจำปี,> 80%,>,80,14,294,4.76,ไม่ผ่าน,-75.24
เดือน,2566,10,ก.ค. 2566,16,อัตราผู้ป่วยเบาหวานที่มี Diabetic retinopathy,< 15%,<,15,15,294,5.1,ผ่าน,9.9
เดือน,2566,10,ก.ค. 2566,17,อัตราผู้ป่วยเบาหวานที่มี Diabetic nephropathy,< 30%,<,30,8,294,2.72,ผ่าน,27.28
เดือน,2566,10,ก.ค. 2566,18,อัตราผู้ป่วยเบาหวานที่มีแผลที่เท้า,< 5%,<,5,3,294,1.02,ผ่าน,3.98
เดือน,2566,11,ส.ค. 2566,1,อัตราผู้ป่วย DM ที่ได้รับการตรวจ HbA1c,>= 70%,>=,70,161,269,59.85,ไม่ผ่าน,-10.15
เดือน,2566,11,ส.ค. 2566,2,อัตราผู้ป่วยเบาหวานชนิดที่ 2 ที่มีระดับ HbA1c < 7%,> 40%,>,40,42,255,16.47,ไม่ผ่าน,-23.53
เดือน,2566,11,ส.ค. 2566,3,อัตราผู้ป่วยเบาหวานชนิดที่ 1 ที่มีระดับ HbA1c < 7%,> 40%,>,40,3,11,27.27,ไม่ผ่าน,-12.73
เดือน,2566,11,ส.ค. 2566,4,อัตราการรักษาในโรงพยาบาลเนื่องจากภาวะแทรกซ้อนเฉียบพลันจาก DM,< 4%,<,4,0,269,0,ผ่าน,4
เดือน,2566,11,ส.ค. 2566,5,อัตราการรักษาในโรงพยาบาลเนื่องจากภาวะแทรกซ้อนเฉียบพลัน Hypoglycemia,< 4%,<,4,0,269,0,ผ่าน,4
เดือน,2566,11,ส.ค. 2566,6,"อัตราการรักษาในโรงพยาบาลเนื่องจากภาวะแทรกซ้อนเฉียบพลัน Hyperglycemia, DKA",< 4%,<,4,0,269,0,ผ่าน,4
เดือน,2566,11,ส.ค. 2566,7,อัตราผู้ป่วย DM ที่ได้รับการตรวจ Lipid profile,> 70%,>,70,27,269,10.04,ไม่ผ่าน,-59.96
เดือน,2566,11,ส.ค. 2566,8,อัตราผู้ป่วย DM ที่มีระดับ LDL < 100 mg/dL,> 60%,>,60,11,269,4.09,ไม่ผ่าน,-55.91
เดือน,2566,11,ส.ค. 2566,9,อัตราของระดับความดันโลหิตในผู้ป่วย DM <= 130/80 mmHg,>= 60%,>=,60,87,269,32.34,ไม่ผ่าน,-27.66
เดือน,2566,11,ส.ค. 2566,10,อัตราผู้ป่วย DM อายุ 40 ปีขึ้นไปที่ได้รับยา Aspirin,> 70%,>,70,88,235,37.45,ไม่ผ่าน,-32.55
เดือน,2566,11,ส.ค. 2566,11,อัตราผู้ป่วย DM ที่ได้รับการตรวจ Microalbuminuria ประจำปี,> 80%,>,80,0,269,0,ไม่ผ่าน,-80
เดือน,2566,11,ส.ค. 2566,12,อัตราผู้ป่วย DM มี Microalbuminuria ที่ได้รักษาด้วยยา ACEI หรือ ARB,>= 60%,>=,60,0,0,,ไม่มีข้อมูล,
เดือน,2566,11,ส.ค. 2566,13,อัตราผู้ป่วย DM ที่ได้รับการตรวจจอประสาทตาประจำปี,> 70%,>,70,25,269,9.29,ไม่ผ่าน,-60.71
เดือน,2566,11,ส.ค. 2566,14,อัตราผู้ป่วย DM ที่ได้รับการตรวจสุขภาพช่องปากประจำปี,> 40%,>,40,10,269,3.72,ไม่ผ่าน,-36.28
เดือน,2566,11,ส.ค. 2566,15,อัตราผู้ป่วย DM ที่ได้รับการตรวจเท้าอย่างละเอียดประจำปี,> 80%,>,80,13,269,4.83,ไม่ผ่าน,-75.17
เดือน,2566,11,ส.ค. 2566,16,อัตราผู้ป่วยเบาหวานที่มี Diabetic retinopathy,< 15%,<,15,18,269,6.69,ผ่าน,8.31
เดือน,2566,11,ส.ค. 2566,17,อัตราผู้ป่วยเบาหวานที่มี Diabetic nephropathy,< 30%,<,30,13,269,4.83,ผ่าน,25.17
เดือน,2566,11,ส.ค. 2566,18,อัตราผู้ป่วยเบาหวานที่มีแผลที่เท้า,< 5%,<,5,0,269,0,ผ่าน,5
เดือน,2566,12,ก.ย. 2566,1,อัตราผู้ป่วย DM ที่ได้รับการตรวจ HbA1c,>= 70%,>=,70,179,280,63.93,ไม่ผ่าน,-6.07
เดือน,2566,12,ก.ย. 2566,2,อัตราผู้ป่วยเบาหวานชนิดที่ 2 ที่มีระดับ HbA1c < 7%,> 40%,>,40,39,268,14.55,ไม่ผ่าน,-25.45
เดือน,2566,12,ก.ย. 2566,3,อัตราผู้ป่วยเบาหวานชนิดที่ 1 ที่มีระดับ HbA1c < 7%,> 40%,>,40,0,7,0,ไม่ผ่าน,-40
เดือน,2566,12,ก.ย. 2566,4,อัตราการรักษาในโรงพยาบาลเนื่องจากภาวะแทรกซ้อนเฉียบพลันจาก DM,< 4%,<,4,0,280,0,ผ่าน,4
เดือน,2566,12,ก.ย. 2566,5,อัตราการรักษาในโรงพยาบาลเนื่องจากภาวะแทรกซ้อนเฉียบพลัน Hypoglycemia,< 4%,<,4,0,280,0,ผ่าน,4
เดือน,2566,12,ก.ย. 2566,6,"อัตราการรักษาในโรงพยาบาลเนื่องจากภาวะแทรกซ้อนเฉียบพลัน Hyperglycemia, DKA",< 4%,<,4,0,280,0,ผ่าน,4
เดือน,2566,12,ก.ย. 2566,7,อัตราผู้ป่วย DM ที่ได้รับการตรวจ Lipid profile,> 70%,>,70,27,280,9.64,ไม่ผ่าน,-60.36
เดือน,2566,12,ก.ย. 2566,8,อัตราผู้ป่วย DM ที่มีระดับ LDL < 100 mg/dL,> 60%,>,60,11,280,3.93,ไม่ผ่าน,-56.07
เดือน,2566,12,ก.ย. 2566,9,อัตราของระดับความดันโลหิตในผู้ป่วย DM <= 130/80 mmHg,>= 60%,>=,60,89,280,31.79,ไม่ผ่าน,-28.21
เดือน,2566,12,ก.ย. 2566,10,อัตราผู้ป่วย DM อายุ 40 ปีขึ้นไปที่ได้รับยา Aspirin,> 70%,>,70,98,253,38.74,ไม่ผ่าน,-31.26
เดือน,2566,12,ก.ย. 2566,11,อัตราผู้ป่วย DM ที่ได้รับการตรวจ Microalbuminuria ประจำปี,> 80%,>,80,2,280,0.71,ไม่ผ่าน,-79.29
เดือน,2566,12,ก.ย. 2566,12,อัตราผู้ป่วย DM มี Microalbuminuria ที่ได้รักษาด้วยยา ACEI หรือ ARB,>= 60%,>=,60,1,1,100,ผ่าน,40
เดือน,2566,12,ก.ย. 2566,13,อัตราผู้ป่วย DM ที่ได้รับการตรวจจอประสาทตาประจำปี,> 70%,>,70,19,280,6.79,ไม่ผ่าน,-63.21
เดือน,2566,12,ก.ย. 2566,14,อัตราผู้ป่วย DM ที่ได้รับการตรวจสุขภาพช่องปากประจำปี,> 40%,>,40,17,280,6.07,ไม่ผ่าน,-33.93
เดือน,2566,12,ก.ย. 2566,15,อัตราผู้ป่วย DM ที่ได้รับการตรวจเท้าอย่างละเอียดประจำปี,> 80%,>,80,5,280,1.79,ไม่ผ่าน,-78.21
เดือน,2566,12,ก.ย. 2566,16,อัตราผู้ป่วยเบาหวานที่มี Diabetic retinopathy,< 15%,<,15,17,280,6.07,ผ่าน,8.93
เดือน,2566,12,ก.ย. 2566,17,อัตราผู้ป่วยเบาหวานที่มี Diabetic nephropathy,< 30%,<,30,9,280,3.21,ผ่าน,26.79
เดือน,2566,12,ก.ย. 2566,18,อัตราผู้ป่วยเบาหวานที่มีแผลที่เท้า,< 5%,<,5,3,280,1.07,ผ่าน,3.93
เดือน,2567,1,ต.ค. 2566,1,อัตราผู้ป่วย DM ที่ได้รับการตรวจ HbA1c,>= 70%,>=,70,203,345,58.84,ไม่ผ่าน,-11.16
เดือน,2567,1,ต.ค. 2566,2,อัตราผู้ป่วยเบาหวานชนิดที่ 2 ที่มีระดับ HbA1c < 7%,> 40%,>,40,47,330,14.24,ไม่ผ่าน,-25.76
เดือน,2567,1,ต.ค. 2566,3,อัตราผู้ป่วยเบาหวานชนิดที่ 1 ที่มีระดับ HbA1c < 7%,> 40%,>,40,1,9,11.11,ไม่ผ่าน,-28.89
เดือน,2567,1,ต.ค. 2566,4,อัตราการรักษาในโรงพยาบาลเนื่องจากภาวะแทรกซ้อนเฉียบพลันจาก DM,< 4%,<,4,0,345,0,ผ่าน,4
เดือน,2567,1,ต.ค. 2566,5,อัตราการรักษาในโรงพยาบาลเนื่องจากภาวะแทรกซ้อนเฉียบพลัน Hypoglycemia,< 4%,<,4,0,345,0,ผ่าน,4
เดือน,2567,1,ต.ค. 2566,6,"อัตราการรักษาในโรงพยาบาลเนื่องจากภาวะแทรกซ้อนเฉียบพลัน Hyperglycemia, DKA",< 4%,<,4,0,345,0,ผ่าน,4
เดือน,2567,1,ต.ค. 2566,7,อัตราผู้ป่วย DM ที่ได้รับการตรวจ Lipid profile,> 70%,>,70,63,345,18.26,ไม่ผ่าน,-51.74
เดือน,2567,1,ต.ค. 2566,8,อัตราผู้ป่วย DM ที่มีระดับ LDL < 100 mg/dL,> 60%,>,60,33,345,9.57,ไม่ผ่าน,-50.43
เดือน,2567,1,ต.ค. 2566,9,อัตราของระดับความดันโลหิตในผู้ป่วย DM <= 130/80 mmHg,>= 60%,>=,60,96,345,27.83,ไม่ผ่าน,-32.17
เดือน,2567,1,ต.ค. 2566,10,อัตราผู้ป่วย DM อายุ 40 ปีขึ้นไปที่ได้รับยา Aspirin,> 70%,>,70,113,310,36.45,ไม่ผ่าน,-33.55
เดือน,2567,1,ต.ค. 2566,11,อัตราผู้ป่วย DM ที่ได้รับการตรวจ Microalbuminuria ประจำปี,> 80%,>,80,0,345,0,ไม่ผ่าน,-80
เดือน,2567,1,ต.ค. 2566,12,อัตราผู้ป่วย DM มี Microalbuminuria ที่ได้รักษาด้วยยา ACEI หรือ ARB,>= 60%,>=,60,0,0,,ไม่มีข้อมูล,
เดือน,2567,1,ต.ค. 2566,13,อัตราผู้ป่วย DM ที่ได้รับการตรวจจอประสาทตาประจำปี,> 70%,>,70,29,345,8.41,ไม่ผ่าน,-61.59
เดือน,2567,1,ต.ค. 2566,14,อัตราผู้ป่วย DM ที่ได้รับการตรวจสุขภาพช่องปากประจำปี,> 40%,>,40,2,345,0.58,ไม่ผ่าน,-39.42
เดือน,2567,1,ต.ค. 2566,15,อัตราผู้ป่วย DM ที่ได้รับการตรวจเท้าอย่างละเอียดประจำปี,> 80%,>,80,12,345,3.48,ไม่ผ่าน,-76.52
เดือน,2567,1,ต.ค. 2566,16,อัตราผู้ป่วยเบาหวานที่มี Diabetic retinopathy,< 15%,<,15,22,345,6.38,ผ่าน,8.62
เดือน,2567,1,ต.ค. 2566,17,อัตราผู้ป่วยเบาหวานที่มี Diabetic nephropathy,< 30%,<,30,9,345,2.61,ผ่าน,27.39
เดือน,2567,1,ต.ค. 2566,18,อัตราผู้ป่วยเบาหวานที่มีแผลที่เท้า,< 5%,<,5,2,345,0.58,ผ่าน,4.42
เดือน,2567,2,พ.ย. 2566,1,อัตราผู้ป่วย DM ที่ได้รับการตรวจ HbA1c,>= 70%,>=,70,142,268,52.99,ไม่ผ่าน,-17.01
เดือน,2567,2,พ.ย. 2566,2,อัตราผู้ป่วยเบาหวานชนิดที่ 2 ที่มีระดับ HbA1c < 7%,> 40%,>,40,27,252,10.71,ไม่ผ่าน,-29.29
เดือน,2567,2,พ.ย. 2566,3,อัตราผู้ป่วยเบาหวานชนิดที่ 1 ที่มีระดับ HbA1c < 7%,> 40%,>,40,2,15,13.33,ไม่ผ่าน,-26.67
เดือน,2567,2,พ.ย. 2566,4,อัตราการรักษาในโรงพยาบาลเนื่องจากภาวะแทรกซ้อนเฉียบพลันจาก DM,< 4%,<,4,0,268,0,ผ่าน,4
เดือน,2567,2,พ.ย. 2566,5,อัตราการรักษาในโรงพยาบาลเนื่องจากภาวะแทรกซ้อนเฉียบพลัน Hypoglycemia,< 4%,<,4,0,268,0,ผ่าน,4
เดือน,2567,2,พ.ย. 2566,6,"อัตราการรักษาในโรงพยาบาลเนื่องจากภาวะแทรกซ้อนเฉียบพลัน Hyperglycemia, DKA",< 4%,<,4,0,268,0,ผ่าน,4
เดือน,2567,2,พ.ย. 2566,7,อัตราผู้ป่วย DM ที่ได้รับการตรวจ Lipid profile,> 70%,>,70,65,268,24.25,ไม่ผ่าน,-45.75
เดือน,2567,2,พ.ย. 2566,8,อัตราผู้ป่วย DM ที่มีระดับ LDL < 100 mg/dL,> 60%,>,60,33,268,12.31,ไม่ผ่าน,-47.69
เดือน,2567,2,พ.ย. 2566,9,อัตราของระดับความดันโลหิตในผู้ป่วย DM <= 130/80 mmHg,>= 60%,>=,60,73,268,27.24,ไม่ผ่าน,-32.76
เดือน,2567,2,พ.ย. 2566,10,อัตราผู้ป่วย DM อายุ 40 ปีขึ้นไปที่ได้รับยา Aspirin,> 70%,>,70,73,226,32.3,ไม่ผ่าน,-37.7
เดือน,2567,2,พ.ย. 2566,11,อัตราผู้ป่วย DM ที่ได้รับการตรวจ Microalbuminuria ประจำปี,> 80%,>,80,2,268,0.75,ไม่ผ่าน,-79.25
เดือน,2567,2,พ.ย. 2566,12,อัตราผู้ป่วย DM มี Microalbuminuria ที่ได้รักษาด้วยยา ACEI หรือ ARB,>= 60%,>=,60,0,1,0,ไม่ผ่าน,-60
เดือน,2567,2,พ.ย. 2566,13,อัตราผู้ป่วย DM ที่ได้รับการตรวจจอประสาทตาประจำปี,> 70%,>,70,23,268,8.58,ไม่ผ่าน,-61.42
เดือน,2567,2,พ.ย. 2566,14,อัตราผู้ป่วย DM ที่ได้รับการตรวจสุขภาพช่องปากประจำปี,> 40%,>,40,14,268,5.22,ไม่ผ่าน,-34.78
เดือน,2567,2,พ.ย. 2566,15,อัตราผู้ป่วย DM ที่ได้รับการตรวจเท้าอย่างละเอียดประจำปี,> 80%,>,80,9,268,3.36,ไม่ผ่าน,-76.64
เดือน,2567,2,พ.ย. 2566,16,อัตราผู้ป่วยเบาหวานที่มี Diabetic retinopathy,< 15%,<,15,25,268,9.33,ผ่าน,5.67
เดือน,2567,2,พ.ย. 2566,17,อัตราผู้ป่วยเบาหวานที่มี Diabetic nephropathy,< 30%,<,30,18,268,6.72,ผ่าน,23.28
เดือน,2567,2,พ.ย. 2566,18,อัตราผู้ป่วยเบาหวานที่มีแผลที่เท้า,< 5%,<,5,0,268,0,ผ่าน,5
เดือน,2567,3,ธ.ค. 2566,1,อัตราผู้ป่วย DM ที่ได้รับการตรวจ HbA1c,>= 70%,>=,70,174,260,66.92,ไม่ผ่าน,-3.08
เดือน,2567,3,ธ.ค. 2566,2,อัตราผู้ป่วยเบาหวานชนิดที่ 2 ที่มีระดับ HbA1c < 7%,> 40%,>,40,40,252,15.87,ไม่ผ่าน,-24.13
เดือน,2567,3,ธ.ค. 2566,3,อัตราผู้ป่วยเบาหวานชนิดที่ 1 ที่มีระดับ HbA1c < 7%,> 40%,>,40,2,6,33.33,ไม่ผ่าน,-6.67
เดือน,2567,3,ธ.ค. 2566,4,อัตราการรักษาในโรงพยาบาลเนื่องจากภาวะแทรกซ้อนเฉียบพลันจาก DM,< 4%,<,4,0,260,0,ผ่าน,4
เดือน,2567,3,ธ.ค. 2566,5,อัตราการรักษาในโรงพยาบาลเนื่องจากภาวะแทรกซ้อนเฉียบพลัน Hypoglycemia,< 4%,<,4,0,260,0,ผ่าน,4
เดือน,2567,3,ธ.ค. 2566,6,"อัตราการรักษาในโรงพยาบาลเนื่องจากภาวะแทรกซ้อนเฉียบพลัน Hyperglycemia, DKA",< 4%,<,4,0,260,0,ผ่าน,4
เดือน,2567,3,ธ.ค. 2566,7,อัตราผู้ป่วย DM ที่ได้รับการตรวจ Lipid profile,> 70%,>,70,58,260,22.31,ไม่ผ่าน,-47.69
เดือน,2567,3,ธ.ค. 2566,8,อัตราผู้ป่วย DM ที่มีระดับ LDL < 100 mg/dL,> 60%,>,60,38,260,14.62,ไม่ผ่าน,-45.38
เดือน,2567,3,ธ.ค. 2566,9,อัตราของระดับความดันโลหิตในผู้ป่วย DM <= 130/80 mmHg,>= 60%,>=,60,62,260,23.85,ไม่ผ่าน,-36.15
เดือน,2567,3,ธ.ค. 2566,10,อัตราผู้ป่วย DM อายุ 40 ปีขึ้นไปที่ได้รับยา Aspirin,> 70%,>,70,89,238,37.39,ไม่ผ่าน,-32.61
เดือน,2567,3,ธ.ค. 2566,11,อัตราผู้ป่วย DM ที่ได้รับการตรวจ Microalbuminuria ประจำปี,> 80%,>,80,2,260,0.77,ไม่ผ่าน,-79.23
เดือน,2567,3,ธ.ค. 2566,12,อัตราผู้ป่วย DM มี Microalbuminuria ที่ได้รักษาด้วยยา ACEI หรือ ARB,>= 60%,>=,60,0,1,0,ไม่ผ่าน,-60
เดือน,2567,3,ธ.ค. 2566,13,อัตราผู้ป่วย DM ที่ได้รับการตรวจจอประสาทตาประจำปี,> 70%,>,70,16,260,6.15,ไม่ผ่าน,-63.85
เดือน,2567,3,ธ.ค. 2566,14,อัตราผู้ป่วย DM ที่ได้รับการตรวจสุขภาพช่องปากประจำปี,> 40%,>,40,9,260,3.46,ไม่ผ่าน,-36.54
เดือน,2567,3,ธ.ค. 2566,15,อัตราผู้ป่วย DM ที่ได้รับการตรวจเท้าอย่างละเอียดประจำปี,> 80%,>,80,2,260,0.77,ไม่ผ่าน,-79.23
เดือน,2567,3,ธ.ค. 2566,16,อัตราผู้ป่วยเบาหวานที่มี Diabetic retinopathy,< 15%,<,15,14,260,5.38,ผ่าน,9.62
เดือน,2567,3,ธ.ค. 2566,17,อัตราผู้ป่วยเบาหวานที่มี Diabetic nephropathy,< 30%,<,30,11,260,4.23,ผ่าน,25.77
เดือน,2567,3,ธ.ค. 2566,18,อัตราผู้ป่วยเบาหวานที่มีแผลที่เท้า,< 5%,<,5,2,260,0.77,ผ่าน,4.23
เดือน,2567,4,ม.ค. 2567,1,อัตราผู้ป่วย DM ที่ได้รับการตรวจ HbA1c,>= 70%,>=,70,200,305,65.57,ไม่ผ่าน,-4.43
เดือน,2567,4,ม.ค. 2567,2,อัตราผู้ป่วยเบาหวานชนิดที่ 2 ที่มีระดับ HbA1c < 7%,> 40%,>,40,44,292,15.07,ไม่ผ่าน,-24.93
เดือน,2567,4,ม.ค. 2567,3,อัตราผู้ป่วยเบาหวานชนิดที่ 1 ที่มีระดับ HbA1c < 7%,> 40%,>,40,2,7,28.57,ไม่ผ่าน,-11.43
เดือน,2567,4,ม.ค. 2567,4,อัตราการรักษาในโรงพยาบาลเนื่องจากภาวะแทรกซ้อนเฉียบพลันจาก DM,< 4%,<,4,0,305,0,ผ่าน,4
เดือน,2567,4,ม.ค. 2567,5,อัตราการรักษาในโรงพยาบาลเนื่องจากภาวะแทรกซ้อนเฉียบพลัน Hypoglycemia,< 4%,<,4,0,305,0,ผ่าน,4
เดือน,2567,4,ม.ค. 2567,6,"อัตราการรักษาในโรงพยาบาลเนื่องจากภาวะแทรกซ้อนเฉียบพลัน Hyperglycemia, DKA",< 4%,<,4,0,305,0,ผ่าน,4
เดือน,2567,4,ม.ค. 2567,7,อัตราผู้ป่วย DM ที่ได้รับการตรวจ Lipid profile,> 70%,>,70,67,305,21.97,ไม่ผ่าน,-48.03
เดือน,2567,4,ม.ค. 2567,8,อัตราผู้ป่วย DM ที่มีระดับ LDL < 100 mg/dL,> 60%,>,60,38,305,12.46,ไม่ผ่าน,-47.54
เดือน,2567,4,ม.ค. 2567,9,อัตราของระดับความดันโลหิตในผู้ป่วย DM <= 130/80 mmHg,>= 60%,>=,60,64,305,20.98,ไม่ผ่าน,-39.02
เดือน,2567,4,ม.ค. 2567,10,อัตราผู้ป่วย DM อายุ 40 ปีขึ้นไปที่ได้รับยา Aspirin,> 70%,>,70,95,272,34.93,ไม่ผ่าน,-35.07
เดือน,2567,4,ม.ค. 2567,11,อัตราผู้ป่วย DM ที่ได้รับการตรวจ Microalbuminuria ประจำปี,> 80%,>,80,1,305,0.33,ไม่ผ่าน,-79.67
เดือน,2567,4,ม.ค. 2567,12,อัตราผู้ป่วย DM มี Microalbuminuria ที่ได้รักษาด้วยยา ACEI หรือ ARB,>= 60%,>=,60,1,1,100,ผ่าน,40
เดือน,2567,4,ม.ค. 2567,13,อัตราผู้ป่วย DM ที่ได้รับการตรวจจอประสาทตาประจำปี,> 70%,>,70,23,305,7.54,ไม่ผ่าน,-62.46
เดือน,2567,4,ม.ค. 2567,14,อัตราผู้ป่วย DM ที่ได้รับการตรวจสุขภาพช่องปากประจำปี,> 40%,>,40,12,305,3.93,ไม่ผ่าน,-36.07
เดือน,2567,4,ม.ค. 2567,15,อัตราผู้ป่วย DM ที่ได้รับการตรวจเท้าอย่างละเอียดประจำปี,> 80%,>,80,7,305,2.3,ไม่ผ่าน,-77.7
เดือน,2567,4,ม.ค. 2567,16,อัตราผู้ป่วยเบาหวานที่มี Diabetic retinopathy,< 15%,<,15,16,305,5.25,ผ่าน,9.75
เดือน,2567,4,ม.ค. 2567,17,อัตราผู้ป่วยเบาหวานที่มี Diabetic nephropathy,< 30%,<,30,8,305,2.62,ผ่าน,27.38
เดือน,2567,4,ม.ค. 2567,18,อัตราผู้ป่วยเบาหวานที่มีแผลที่เท้า,< 5%,<,5,1,305,0.33,ผ่าน,4.67
เดือน,2567,5,ก.พ. 2567,1,อัตราผู้ป่วย DM ที่ได้รับการตรวจ HbA1c,>= 70%,>=,70,152,223,68.16,ไม่ผ่าน,-1.84
เดือน,2567,5,ก.พ. 2567,2,อัตราผู้ป่วยเบาหวานชนิดที่ 2 ที่มีระดับ HbA1c < 7%,> 40%,>,40,39,209,18.66,ไม่ผ่าน,-21.34
เดือน,2567,5,ก.พ. 2567,3,อัตราผู้ป่วยเบาหวานชนิดที่ 1 ที่มีระดับ HbA1c < 7%,> 40%,>,40,1,13,7.69,ไม่ผ่าน,-32.31
เดือน,2567,5,ก.พ. 2567,4,อัตราการรักษาในโรงพยาบาลเนื่องจากภาวะแทรกซ้อนเฉียบพลันจาก DM,< 4%,<,4,0,223,0,ผ่าน,4
เดือน,2567,5,ก.พ. 2567,5,อัตราการรักษาในโรงพยาบาลเนื่องจากภาวะแทรกซ้อนเฉียบพลัน Hypoglycemia,< 4%,<,4,0,223,0,ผ่าน,4
เดือน,2567,5,ก.พ. 2567,6,"อัตราการรักษาในโรงพยาบาลเนื่องจากภาวะแทรกซ้อนเฉียบพลัน Hyperglycemia, DKA",< 4%,<,4,0,223,0,ผ่าน,4
เดือน,2567,5,ก.พ. 2567,7,อัตราผู้ป่วย DM ที่ได้รับการตรวจ Lipid profile,> 70%,>,70,52,223,23.32,ไม่ผ่าน,-46.68
เดือน,2567,5,ก.พ. 2567,8,อัตราผู้ป่วย DM ที่มีระดับ LDL < 100 mg/dL,> 60%,>,60,27,223,12.11,ไม่ผ่าน,-47.89
เดือน,2567,5,ก.พ. 2567,9,อัตราของระดับความดันโลหิตในผู้ป่วย DM <= 130/80 mmHg,>= 60%,>=,60,70,223,31.39,ไม่ผ่าน,-28.61
เดือน,2567,5,ก.พ. 2567,10,อัตราผู้ป่วย DM อายุ 40 ปีขึ้นไปที่ได้รับยา Aspirin,> 70%,>,70,72,186,38.71,ไม่ผ่าน,-31.29
เดือน,2567,5,ก.พ. 2567,11,อัตราผู้ป่วย DM ที่ได้รับการตรวจ Microalbuminuria ประจำปี,> 80%,>,80,3,223,1.35,ไม่ผ่าน,-78.65
เดือน,2567,5,ก.พ. 2567,12,อัตราผู้ป่วย DM มี Microalbuminuria ที่ได้รักษาด้วยยา ACEI หรือ ARB,>= 60%,>=,60,0,2,0,ไม่ผ่าน,-60
เดือน,2567,5,ก.พ. 2567,13,อัตราผู้ป่วย DM ที่ได้รับการตรวจจอประสาทตาประจำปี,> 70%,>,70,18,223,8.07,ไม่ผ่าน,-61.93
เดือน,2567,5,ก.พ. 2567,14,อัตราผู้ป่วย DM ที่ได้รับการตรวจสุขภาพช่องปากประจำปี,> 40%,>,40,0,223,0,ไม่ผ่าน,-40
เดือน,2567,5,ก.พ. 2567,15,อัตราผู้ป่วย DM ที่ได้รับการตรวจเท้าอย่างละเอียดประจำปี,> 80%,>,80,9,223,4.04,ไม่ผ่าน,-75.96
เดือน,2567,5,ก.พ. 2567,16,อัตราผู้ป่วยเบาหวานที่มี Diabetic retinopathy,< 15%,<,15,17,223,7.62,ผ่าน,7.38
เดือน,2567,5,ก.พ. 2567,17,อัตราผู้ป่วยเบาหวานที่มี Diabetic nephropathy,< 30%,<,30,11,223,4.93,ผ่าน,25.07
เดือน,2567,5,ก.พ. 2567,18,อัตราผู้ป่วยเบาหวานที่มีแผลที่เท้า,< 5%,<,5,0,223,0,ผ่าน,5
เดือน,2567,6,มี.ค. 2567,1,อัตราผู้ป่วย DM ที่ได้รับการตรวจ HbA1c,>= 70%,>=,70,202,267,75.66,ผ่าน,5.66
เดือน,2567,6,มี.ค. 2567,2,อัตราผู้ป่วยเบาหวานชนิดที่ 2 ที่มีระดับ HbA1c < 7%,> 40%,>,40,38,249,15.26,ไม่ผ่าน,-24.74
เดือน,2567,6,มี.ค. 2567,3,อัตราผู้ป่วยเบาหวานชนิดที่ 1 ที่มีระดับ HbA1c < 7%,> 40%,>,40,3,19,15.79,ไม่ผ่าน,-24.21
เดือน,2567,6,มี.ค. 2567,4,อัตราการรักษาในโรงพยาบาลเนื่องจากภาวะแทรกซ้อนเฉียบพลันจาก DM,< 4%,<,4,0,267,0,ผ่าน,4
เดือน,2567,6,มี.ค. 2567,5,อัตราการรักษาในโรงพยาบาลเนื่องจากภาวะแทรกซ้อนเฉียบพลัน Hypoglycemia,< 4%,<,4,0,267,0,ผ่าน,4
เดือน,2567,6,มี.ค. 2567,6,"อัตราการรักษาในโรงพยาบาลเนื่องจากภาวะแทรกซ้อนเฉียบพลัน Hyperglycemia, DKA",< 4%,<,4,0,267,0,ผ่าน,4
เดือน,2567,6,มี.ค. 2567,7,อัตราผู้ป่วย DM ที่ได้รับการตรวจ Lipid profile,> 70%,>,70,76,267,28.46,ไม่ผ่าน,-41.54
เดือน,2567,6,มี.ค. 2567,8,อัตราผู้ป่วย DM ที่มีระดับ LDL < 100 mg/dL,> 60%,>,60,46,267,17.23,ไม่ผ่าน,-42.77
เดือน,2567,6,มี.ค. 2567,9,อัตราของระดับความดันโลหิตในผู้ป่วย DM <= 130/80 mmHg,>= 60%,>=,60,77,267,28.84,ไม่ผ่าน,-31.16
เดือน,2567,6,มี.ค. 2567,10,อัตราผู้ป่วย DM อายุ 40 ปีขึ้นไปที่ได้รับยา Aspirin,> 70%,>,70,80,233,34.33,ไม่ผ่าน,-35.67
เดือน,2567,6,มี.ค. 2567,11,อัตราผู้ป่วย DM ที่ได้รับการตรวจ Microalbuminuria ประจำปี,> 80%,>,80,3,267,1.12,ไม่ผ่าน,-78.88
เดือน,2567,6,มี.ค. 2567,12,อัตราผู้ป่วย DM มี Microalbuminuria ที่ได้รักษาด้วยยา ACEI หรือ ARB,>= 60%,>=,60,1,3,33.33,ไม่ผ่าน,-26.67
เดือน,2567,6,มี.ค. 2567,13,อัตราผู้ป่วย DM ที่ได้รับการตรวจจอประสาทตาประจำปี,> 70%,>,70,19,267,7.12,ไม่ผ่าน,-62.88
เดือน,2567,6,มี.ค. 2567,14,อัตราผู้ป่วย DM ที่ได้รับการตรวจสุขภาพช่องปากประจำปี,> 40%,>,40,0,267,0,ไม่ผ่าน,-40
เดือน,2567,6,มี.ค. 2567,15,อัตราผู้ป่วย DM ที่ได้รับการตรวจเท้าอย่างละเอียดประจำปี,> 80%,>,80,9,267,3.37,ไม่ผ่าน,-76.63
เดือน,2567,6,มี.ค. 2567,16,อัตราผู้ป่วยเบาหวานที่มี Diabetic retinopathy,< 15%,<,15,20,267,7.49,ผ่าน,7.51
เดือน,2567,6,มี.ค. 2567,17,อัตราผู้ป่วยเบาหวานที่มี Diabetic nephropathy,< 30%,<,30,15,267,5.62,ผ่าน,24.38
เดือน,2567,6,มี.ค. 2567,18,อัตราผู้ป่วยเบาหวานที่มีแผลที่เท้า,< 5%,<,5,1,267,0.37,ผ่าน,4.63
เดือน,2567,7,เม.ย. 2567,1,อัตราผู้ป่วย DM ที่ได้รับการตรวจ HbA1c,>= 70%,>=,70,217,322,67.39,ไม่ผ่าน,-2.61
เดือน,2567,7,เม.ย. 2567,2,อัตราผู้ป่วยเบาหวานชนิดที่ 2 ที่มีระดับ HbA1c < 7%,> 40%,>,40,54,304,17.76,ไม่ผ่าน,-22.24
เดือน,2567,7,เม.ย. 2567,3,อัตราผู้ป่วยเบาหวานชนิดที่ 1 ที่มีระดับ HbA1c < 7%,> 40%,>,40,4,13,30.77,ไม่ผ่าน,-9.23
เดือน,2567,7,เม.ย. 2567,4,อัตราการรักษาในโรงพยาบาลเนื่องจากภาวะแทรกซ้อนเฉียบพลันจาก DM,< 4%,<,4,0,322,0,ผ่าน,4
เดือน,2567,7,เม.ย. 2567,5,อัตราการรักษาในโรงพยาบาลเนื่องจากภาวะแทรกซ้อนเฉียบพลัน Hypoglycemia,< 4%,<,4,0,322,0,ผ่าน,4
เดือน,2567,7,เม.ย. 2567,6,"อัตราการรักษาในโรงพยาบาลเนื่องจากภาวะแทรกซ้อนเฉียบพลัน Hyperglycemia, DKA",< 4%,<,4,0,322,0,ผ่าน,4
เดือน,2567,7,เม.ย. 2567,7,อัตราผู้ป่วย DM ที่ได้รับการตรวจ Lipid profile,> 70%,>,70,70,322,21.74,ไม่ผ่าน,-48.26
เดือน,2567,7,เม.ย. 2567,8,อัตราผู้ป่วย DM ที่มีระดับ LDL < 100 mg/dL,> 60%,>,60,45,322,13.98,ไม่ผ่าน,-46.02
เดือน,2567,7,เม.ย. 2567,9,อัตราของระดับความดันโลหิตในผู้ป่วย DM <= 130/80 mmHg,>= 60%,>=,60,105,322,32.61,ไม่ผ่าน,-27.39
เดือน,2567,7,เม.ย. 2567,10,อัตราผู้ป่วย DM อายุ 40 ปีขึ้นไปที่ได้รับยา Aspirin,> 70%,>,70,107,291,36.77,ไม่ผ่าน,-33.23
เดือน,2567,7,เม.ย. 2567,11,อัตราผู้ป่วย DM ที่ได้รับการตรวจ Microalbuminuria ประจำปี,> 80%,>,80,3,322,0.93,ไม่ผ่าน,-79.07
เดือน,2567,7,เม.ย. 2567,12,อัตราผู้ป่วย DM มี Microalbuminuria ที่ได้รักษาด้วยยา ACEI หรือ ARB,>= 60%,>=,60,0,2,0,ไม่ผ่าน,-60
เดือน,2567,7,เม.ย. 2567,13,อัตราผู้ป่วย DM ที่ได้รับการตรวจจอประสาทตาประจำปี,> 70%,>,70,27,322,8.39,ไม่ผ่าน,-61.61
เดือน,2567,7,เม.ย. 2567,14,อัตราผู้ป่วย DM ที่ได้รับการตรวจสุขภาพช่องปากประจำปี,> 40%,>,40,0,322,0,ไม่ผ่าน,-40
เดือน,2567,7,เม.ย. 2567,15,อัตราผู้ป่วย DM ที่ได้รับการตรวจเท้าอย่างละเอียดประจำปี,> 80%,>,80,1,322,0.31,ไม่ผ่าน,-79.69
เดือน,2567,7,เม.ย. 2567,16,อัตราผู้ป่วยเบาหวานที่มี Diabetic retinopathy,< 15%,<,15,27,322,8.39,ผ่าน,6.61
เดือน,2567,7,เม.ย. 2567,17,อัตราผู้ป่วยเบาหวานที่มี Diabetic nephropathy,< 30%,<,30,14,322,4.35,ผ่าน,25.65
เดือน,2567,7,เม.ย. 2567,18,อัตราผู้ป่วยเบาหวานที่มีแผลที่เท้า,< 5%,<,5,3,322,0.93,ผ่าน,4.07
เดือน,2567,8,พ.ค. 2567,1,อัตราผู้ป่วย DM ที่ได้รับการตรวจ HbA1c,>= 70%,>=,70,157,258,60.85,ไม่ผ่าน,-9.15
เดือน,2567,8,พ.ค. 2567,2,อัตราผู้ป่วยเบาหวานชนิดที่ 2 ที่มีระดับ HbA1c < 7%,> 40%,>,40,46,248,18.55,ไม่ผ่าน,-21.45
เดือน,2567,8,พ.ค. 2567,3,อัตราผู้ป่วยเบาหวานชนิดที่ 1 ที่มีระดับ HbA1c < 7%,> 40%,>,40,1,9,11.11,ไม่ผ่าน,-28.89
เดือน,2567,8,พ.ค. 2567,4,อัตราการรักษาในโรงพยาบาลเนื่องจากภาวะแทรกซ้อนเฉียบพลันจาก DM,< 4%,<,4,0,258,0,ผ่าน,4
เดือน,2567,8,พ.ค. 2567,5,อัตราการรักษาในโรงพยาบาลเนื่องจากภาวะแทรกซ้อนเฉียบพลัน Hypoglycemia,< 4%,<,4,0,258,0,ผ่าน,4
เดือน,2567,8,พ.ค. 2567,6,"อัตราการรักษาในโรงพยาบาลเนื่องจากภาวะแทรกซ้อนเฉียบพลัน Hyperglycemia, DKA",< 4%,<,4,0,258,0,ผ่าน,4
เดือน,2567,8,พ.ค. 2567,7,อัตราผู้ป่วย DM ที่ได้รับการตรวจ Lipid profile,> 70%,>,70,49,258,18.99,ไม่ผ่าน,-51.01
เดือน,2567,8,พ.ค. 2567,8,อัตราผู้ป่วย DM ที่มีระดับ LDL < 100 mg/dL,> 60%,>,60,29,258,11.24,ไม่ผ่าน,-48.76
เดือน,2567,8,พ.ค. 2567,9,อัตราของระดับความดันโลหิตในผู้ป่วย DM <= 130/80 mmHg,>= 60%,>=,60,81,258,31.4,ไม่ผ่าน,-28.6
เดือน,2567,8,พ.ค. 2567,10,อัตราผู้ป่วย DM อายุ 40 ปีขึ้นไปที่ได้รับยา Aspirin,> 70%,>,70,75,221,33.94,ไม่ผ่าน,-36.06
เดือน,2567,8,พ.ค. 2567,11,อัตราผู้ป่วย DM ที่ได้รับการตรวจ Microalbuminuria ประจำปี,> 80%,>,80,1,258,0.39,ไม่ผ่าน,-79.61
เดือน,2567,8,พ.ค. 2567,12,อัตราผู้ป่วย DM มี Microalbuminuria ที่ได้รักษาด้วยยา ACEI หรือ ARB,>= 60%,>=,60,0,1,0,ไม่ผ่าน,-60
เดือน,2567,8,พ.ค. 2567,13,อัตราผู้ป่วย DM ที่ได้รับการตรวจจอประสาทตาประจำปี,> 70%,>,70,15,258,5.81,ไม่ผ่าน,-64.19
เดือน,2567,8,พ.ค. 2567,14,อัตราผู้ป่วย DM ที่ได้รับการตรวจสุขภาพช่องปากประจำปี,> 40%,>,40,0,258,0,ไม่ผ่าน,-40
เดือน,2567,8,พ.ค. 2567,15,อัตราผู้ป่วย DM ที่ได้รับการตรวจเท้าอย่างละเอียดประจำปี,> 80%,>,80,4,258,1.55,ไม่ผ่าน,-78.45
เดือน,2567,8,พ.ค. 2567,16,อัตราผู้ป่วยเบาหวานที่มี Diabetic retinopathy,< 15%,<,15,23,258,8.91,ผ่าน,6.09
เดือน,2567,8,พ.ค. 2567,17,อัตราผู้ป่วยเบาหวานที่มี Diabetic nephropathy,< 30%,<,30,8,258,3.1,ผ่าน,26.9
เดือน,2567,8,พ.ค. 2567,18,อัตราผู้ป่วยเบาหวานที่มีแผลที่เท้า,< 5%,<,5,2,258,0.78,ผ่าน,4.22
เดือน,2567,9,มิ.ย. 2567,1,อัตราผู้ป่วย DM ที่ได้รับการตรวจ HbA1c,>= 70%,>=,70,47,256,18.36,ไม่ผ่าน,-51.64
เดือน,2567,9,มิ.ย. 2567,2,อัตราผู้ป่วยเบาหวานชนิดที่ 2 ที่มีระดับ HbA1c < 7%,> 40%,>,40,12,247,4.86,ไม่ผ่าน,-35.14
เดือน,2567,9,มิ.ย. 2567,3,อัตราผู้ป่วยเบาหวานชนิดที่ 1 ที่มีระดับ HbA1c < 7%,> 40%,>,40,0,8,0,ไม่ผ่าน,-40
เดือน,2567,9,มิ.ย. 2567,4,อัตราการรักษาในโรงพยาบาลเนื่องจากภาวะแทรกซ้อนเฉียบพลันจาก DM,< 4%,<,4,0,256,0,ผ่าน,4
เดือน,2567,9,มิ.ย. 2567,5,อัตราการรักษาในโรงพยาบาลเนื่องจากภาวะแทรกซ้อนเฉียบพลัน Hypoglycemia,< 4%,<,4,0,256,0,ผ่าน,4
เดือน,2567,9,มิ.ย. 2567,6,"อัตราการรักษาในโรงพยาบาลเนื่องจากภาวะแทรกซ้อนเฉียบพลัน Hyperglycemia, DKA",< 4%,<,4,0,256,0,ผ่าน,4
เดือน,2567,9,มิ.ย. 2567,7,อัตราผู้ป่วย DM ที่ได้รับการตรวจ Lipid profile,> 70%,>,70,26,256,10.16,ไม่ผ่าน,-59.84
เดือน,2567,9,มิ.ย. 2567,8,อัตราผู้ป่วย DM ที่มีระดับ LDL < 100 mg/dL,> 60%,>,60,11,256,4.3,ไม่ผ่าน,-55.7
เดือน,2567,9,มิ.ย. 2567,9,อัตราของระดับความดันโลหิตในผู้ป่วย DM <= 130/80 mmHg,>= 60%,>=,60,110,256,42.97,ไม่ผ่าน,-17.03
เดือน,2567,9,มิ.ย. 2567,10,อัตราผู้ป่วย DM อายุ 40 ปีขึ้นไปที่ได้รับยา Aspirin,> 70%,>,70,84,228,36.84,ไม่ผ่าน,-33.16
เดือน,2567,9,มิ.ย. 2567,11,อัตราผู้ป่วย DM ที่ได้รับการตรวจ Microalbuminuria ประจำปี,> 80%,>,80,0,256,0,ไม่ผ่าน,-80
เดือน,2567,9,มิ.ย. 2567,12,อัตราผู้ป่วย DM มี Microalbuminuria ที่ได้รักษาด้วยยา ACEI หรือ ARB,>= 60%,>=,60,0,0,,ไม่มีข้อมูล,
เดือน,2567,9,มิ.ย. 2567,13,อัตราผู้ป่วย DM ที่ได้รับการตรวจจอประสาทตาประจำปี,> 70%,>,70,12,256,4.69,ไม่ผ่าน,-65.31
เดือน,2567,9,มิ.ย. 2567,14,อัตราผู้ป่วย DM ที่ได้รับการตรวจสุขภาพช่องปากประจำปี,> 40%,>,40,0,256,0,ไม่ผ่าน,-40
เดือน,2567,9,มิ.ย. 2567,15,อัตราผู้ป่วย DM ที่ได้รับการตรวจเท้าอย่างละเอียดประจำปี,> 80%,>,80,2,256,0.78,ไม่ผ่าน,-79.22
เดือน,2567,9,มิ.ย. 2567,16,อัตราผู้ป่วยเบาหวานที่มี Diabetic retinopathy,< 15%,<,15,14,256,5.47,ผ่าน,9.53
เดือน,2567,9,มิ.ย. 2567,17,อัตราผู้ป่วยเบาหวานที่มี Diabetic nephropathy,< 30%,<,30,10,256,3.91,ผ่าน,26.09
เดือน,2567,9,มิ.ย. 2567,18,อัตราผู้ป่วยเบาหวานที่มีแผลที่เท้า,< 5%,<,5,0,256,0,ผ่าน,5
เดือน,2567,10,ก.ค. 2567,1,อัตราผู้ป่วย DM ที่ได้รับการตรวจ HbA1c,>= 70%,>=,70,77,342,22.51,ไม่ผ่าน,-47.49
เดือน,2567,10,ก.ค. 2567,2,อัตราผู้ป่วยเบาหวานชนิดที่ 2 ที่มีระดับ HbA1c < 7%,> 40%,>,40,17,316,5.38,ไม่ผ่าน,-34.62
เดือน,2567,10,ก.ค. 2567,3,อัตราผู้ป่วยเบาหวานชนิดที่ 1 ที่มีระดับ HbA1c < 7%,> 40%,>,40,0,16,0,ไม่ผ่าน,-40
เดือน,2567,10,ก.ค. 2567,4,อัตราการรักษาในโรงพยาบาลเนื่องจากภาวะแทรกซ้อนเฉียบพลันจาก DM,< 4%,<,4,0,342,0,ผ่าน,4
เดือน,2567,10,ก.ค. 2567,5,อัตราการรักษาในโรงพยาบาลเนื่องจากภาวะแทรกซ้อนเฉียบพลัน Hypoglycemia,< 4%,<,4,0,342,0,ผ่าน,4
เดือน,2567,10,ก.ค. 2567,6,"อัตราการรักษาในโรงพยาบาลเนื่องจากภาวะแทรกซ้อนเฉียบพลัน Hyperglycemia, DKA",< 4%,<,4,0,342,0,ผ่าน,4
เดือน,2567,10,ก.ค. 2567,7,อัตราผู้ป่วย DM ที่ได้รับการตรวจ Lipid profile,> 70%,>,70,50,342,14.62,ไม่ผ่าน,-55.38
เดือน,2567,10,ก.ค. 2567,8,อัตราผู้ป่วย DM ที่มีระดับ LDL < 100 mg/dL,> 60%,>,60,33,342,9.65,ไม่ผ่าน,-50.35
เดือน,2567,10,ก.ค. 2567,9,อัตราของระดับความดันโลหิตในผู้ป่วย DM <= 130/80 mmHg,>= 60%,>=,60,129,342,37.72,ไม่ผ่าน,-22.28
เดือน,2567,10,ก.ค. 2567,10,อัตราผู้ป่วย DM อายุ 40 ปีขึ้นไปที่ได้รับยา Aspirin,> 70%,>,70,116,302,38.41,ไม่ผ่าน,-31.59
เดือน,2567,10,ก.ค. 2567,11,อัตราผู้ป่วย DM ที่ได้รับการตรวจ Microalbuminuria ประจำปี,> 80%,>,80,2,342,0.58,ไม่ผ่าน,-79.42
เดือน,2567,10,ก.ค. 2567,12,อัตราผู้ป่วย DM มี Microalbuminuria ที่ได้รักษาด้วยยา ACEI หรือ ARB,>= 60%,>=,60,1,2,50,ไม่ผ่าน,-10
เดือน,2567,10,ก.ค. 2567,13,อัตราผู้ป่วย DM ที่ได้รับการตรวจจอประสาทตาประจำปี,> 70%,>,70,17,342,4.97,ไม่ผ่าน,-65.03
เดือน,2567,10,ก.ค. 2567,14,อัตราผู้ป่วย DM ที่ได้รับการตรวจสุขภาพช่องปากประจำปี,> 40%,>,40,0,342,0,ไม่ผ่าน,-40
เดือน,2567,10,ก.ค. 2567,15,อัตราผู้ป่วย DM ที่ได้รับการตรวจเท้าอย่างละเอียดประจำปี,> 80%,>,80,3,342,0.88,ไม่ผ่าน,-79.12
เดือน,2567,10,ก.ค. 2567,16,อัตราผู้ป่วยเบาหวานที่มี Diabetic retinopathy,< 15%,<,15,24,342,7.02,ผ่าน,7.98
เดือน,2567,10,ก.ค. 2567,17,อัตราผู้ป่วยเบาหวานที่มี Diabetic nephropathy,< 30%,<,30,15,342,4.39,ผ่าน,25.61
เดือน,2567,10,ก.ค. 2567,18,อัตราผู้ป่วยเบาหวานที่มีแผลที่เท้า,< 5%,<,5,2,342,0.58,ผ่าน,4.42
เดือน,2567,11,ส.ค. 2567,1,อัตราผู้ป่วย DM ที่ได้รับการตรวจ HbA1c,>= 70%,>=,70,32,245,13.06,ไม่ผ่าน,-56.94
เดือน,2567,11,ส.ค. 2567,2,อัตราผู้ป่วยเบาหวานชนิดที่ 2 ที่มีระดับ HbA1c < 7%,> 40%,>,40,6,225,2.67,ไม่ผ่าน,-37.33
เดือน,2567,11,ส.ค. 2567,3,อัตราผู้ป่วยเบาหวานชนิดที่ 1 ที่มีระดับ HbA1c < 7%,> 40%,>,40,2,16,12.5,ไม่ผ่าน,-27.5
เดือน,2567,11,ส.ค. 2567,4,อัตราการรักษาในโรงพยาบาลเนื่องจากภาวะแทรกซ้อนเฉียบพลันจาก DM,< 4%,<,4,0,245,0,ผ่าน,4
เดือน,2567,11,ส.ค. 2567,5,อัตราการรักษาในโรงพยาบาลเนื่องจากภาวะแทรกซ้อนเฉียบพลัน Hypoglycemia,< 4%,<,4,0,245,0,ผ่าน,4
เดือน,2567,11,ส.ค. 2567,6,"อัตราการรักษาในโรงพยาบาลเนื่องจากภาวะแทรกซ้อนเฉียบพลัน Hyperglycemia, DKA",< 4%,<,4,0,245,0,ผ่าน,4
เดือน,2567,11,ส.ค. 2567,7,อัตราผู้ป่วย DM ที่ได้รับการตรวจ Lipid profile,> 70%,>,70,15,245,6.12,ไม่ผ่าน,-63.88
เดือน,2567,11,ส.ค. 2567,8,อัตราผู้ป่วย DM ที่มีระดับ LDL < 100 mg/dL,> 60%,>,60,11,245,4.49,ไม่ผ่าน,-55.51
เดือน,2567,11,ส.ค. 2567,9,อัตราของระดับความดันโลหิตในผู้ป่วย DM <= 130/80 mmHg,>= 60%,>=,60,89,245,36.33,ไม่ผ่าน,-23.67
เดือน,2567,11,ส.ค. 2567,10,อัตราผู้ป่วย DM อายุ 40 ปีขึ้นไปที่ได้รับยา Aspirin,> 70%,>,70,78,214,36.45,ไม่ผ่าน,-33.55
เดือน,2567,11,ส.ค. 2567,11,อัตราผู้ป่วย DM ที่ได้รับการตรวจ Microalbuminuria ประจำปี,> 80%,>,80,1,245,0.41,ไม่ผ่าน,-79.59
เดือน,2567,11,ส.ค. 2567,12,อัตราผู้ป่วย DM มี Microalbuminuria ที่ได้รักษาด้วยยา ACEI หรือ ARB,>= 60%,>=,60,0,1,0,ไม่ผ่าน,-60
เดือน,2567,11,ส.ค. 2567,13,อัตราผู้ป่วย DM ที่ได้รับการตรวจจอประสาทตาประจำปี,> 70%,>,70,15,245,6.12,ไม่ผ่าน,-63.88
เดือน,2567,11,ส.ค. 2567,14,อัตราผู้ป่วย DM ที่ได้รับการตรวจสุขภาพช่องปากประจำปี,> 40%,>,40,0,245,0,ไม่ผ่าน,-40
เดือน,2567,11,ส.ค. 2567,15,อัตราผู้ป่วย DM ที่ได้รับการตรวจเท้าอย่างละเอียดประจำปี,> 80%,>,80,1,245,0.41,ไม่ผ่าน,-79.59
เดือน,2567,11,ส.ค. 2567,16,อัตราผู้ป่วยเบาหวานที่มี Diabetic retinopathy,< 15%,<,15,9,245,3.67,ผ่าน,11.33
เดือน,2567,11,ส.ค. 2567,17,อัตราผู้ป่วยเบาหวานที่มี Diabetic nephropathy,< 30%,<,30,12,245,4.9,ผ่าน,25.1
เดือน,2567,11,ส.ค. 2567,18,อัตราผู้ป่วยเบาหวานที่มีแผลที่เท้า,< 5%,<,5,1,245,0.41,ผ่าน,4.59
เดือน,2567,12,ก.ย. 2567,1,อัตราผู้ป่วย DM ที่ได้รับการตรวจ HbA1c,>= 70%,>=,70,119,254,46.85,ไม่ผ่าน,-23.15
เดือน,2567,12,ก.ย. 2567,2,อัตราผู้ป่วยเบาหวานชนิดที่ 2 ที่มีระดับ HbA1c < 7%,> 40%,>,40,24,244,9.84,ไม่ผ่าน,-30.16
เดือน,2567,12,ก.ย. 2567,3,อัตราผู้ป่วยเบาหวานชนิดที่ 1 ที่มีระดับ HbA1c < 7%,> 40%,>,40,0,9,0,ไม่ผ่าน,-40
เดือน,2567,12,ก.ย. 2567,4,อัตราการรักษาในโรงพยาบาลเนื่องจากภาวะแทรกซ้อนเฉียบพลันจาก DM,< 4%,<,4,0,254,0,ผ่าน,4
เดือน,2567,12,ก.ย. 2567,5,อัตราการรักษาในโรงพยาบาลเนื่องจากภาวะแทรกซ้อนเฉียบพลัน Hypoglycemia,< 4%,<,4,0,254,0,ผ่าน,4
เดือน,2567,12,ก.ย. 2567,6,"อัตราการรักษาในโรงพยาบาลเนื่องจากภาวะแทรกซ้อนเฉียบพลัน Hyperglycemia, DKA",< 4%,<,4,0,254,0,ผ่าน,4
เดือน,2567,12,ก.ย. 2567,7,อัตราผู้ป่วย DM ที่ได้รับการตรวจ Lipid profile,> 70%,>,70,26,254,10.24,ไม่ผ่าน,-59.76
เดือน,2567,12,ก.ย. 2567,8,อัตราผู้ป่วย DM ที่มีระดับ LDL < 100 mg/dL,> 60%,>,60,19,254,7.48,ไม่ผ่าน,-52.52
เดือน,2567,12,ก.ย. 2567,9,อัตราของระดับความดันโลหิตในผู้ป่วย DM <= 130/80 mmHg,>= 60%,>=,60,105,254,41.34,ไม่ผ่าน,-18.66
เดือน,2567,12,ก.ย. 2567,10,อัตราผู้ป่วย DM อายุ 40 ปีขึ้นไปที่ได้รับยา Aspirin,> 70%,>,70,73,222,32.88,ไม่ผ่าน,-37.12
เดือน,2567,12,ก.ย. 2567,11,อัตราผู้ป่วย DM ที่ได้รับการตรวจ Microalbuminuria ประจำปี,> 80%,>,80,0,254,0,ไม่ผ่าน,-80
เดือน,2567,12,ก.ย. 2567,12,อัตราผู้ป่วย DM มี Microalbuminuria ที่ได้รักษาด้วยยา ACEI หรือ ARB,>= 60%,>=,60,0,0,,ไม่มีข้อมูล,
เดือน,2567,12,ก.ย. 2567,13,อัตราผู้ป่วย DM ที่ได้รับการตรวจจอประสาทตาประจำปี,> 70%,>,70,12,254,4.72,ไม่ผ่าน,-65.28
เดือน,2567,12,ก.ย. 2567,14,อัตราผู้ป่วย DM ที่ได้รับการตรวจสุขภาพช่องปากประจำปี,> 40%,>,40,0,254,0,ไม่ผ่าน,-40
เดือน,2567,12,ก.ย. 2567,15,อัตราผู้ป่วย DM ที่ได้รับการตรวจเท้าอย่างละเอียดประจำปี,> 80%,>,80,3,254,1.18,ไม่ผ่าน,-78.82
เดือน,2567,12,ก.ย. 2567,16,อัตราผู้ป่วยเบาหวานที่มี Diabetic retinopathy,< 15%,<,15,11,254,4.33,ผ่าน,10.67
เดือน,2567,12,ก.ย. 2567,17,อัตราผู้ป่วยเบาหวานที่มี Diabetic nephropathy,< 30%,<,30,10,254,3.94,ผ่าน,26.06
เดือน,2567,12,ก.ย. 2567,18,อัตราผู้ป่วยเบาหวานที่มีแผลที่เท้า,< 5%,<,5,3,254,1.18,ผ่าน,3.82
เดือน,2568,1,ต.ค. 2567,1,อัตราผู้ป่วย DM ที่ได้รับการตรวจ HbA1c,>= 70%,>=,70,171,329,51.98,ไม่ผ่าน,-18.02
เดือน,2568,1,ต.ค. 2567,2,อัตราผู้ป่วยเบาหวานชนิดที่ 2 ที่มีระดับ HbA1c < 7%,> 40%,>,40,41,311,13.18,ไม่ผ่าน,-26.82
เดือน,2568,1,ต.ค. 2567,3,อัตราผู้ป่วยเบาหวานชนิดที่ 1 ที่มีระดับ HbA1c < 7%,> 40%,>,40,5,17,29.41,ไม่ผ่าน,-10.59
เดือน,2568,1,ต.ค. 2567,4,อัตราการรักษาในโรงพยาบาลเนื่องจากภาวะแทรกซ้อนเฉียบพลันจาก DM,< 4%,<,4,0,329,0,ผ่าน,4
เดือน,2568,1,ต.ค. 2567,5,อัตราการรักษาในโรงพยาบาลเนื่องจากภาวะแทรกซ้อนเฉียบพลัน Hypoglycemia,< 4%,<,4,0,329,0,ผ่าน,4
เดือน,2568,1,ต.ค. 2567,6,"อัตราการรักษาในโรงพยาบาลเนื่องจากภาวะแทรกซ้อนเฉียบพลัน Hyperglycemia, DKA",< 4%,<,4,0,329,0,ผ่าน,4
เดือน,2568,1,ต.ค. 2567,7,อัตราผู้ป่วย DM ที่ได้รับการตรวจ Lipid profile,> 70%,>,70,27,329,8.21,ไม่ผ่าน,-61.79
เดือน,2568,1,ต.ค. 2567,8,อัตราผู้ป่วย DM ที่มีระดับ LDL < 100 mg/dL,> 60%,>,60,11,329,3.34,ไม่ผ่าน,-56.66
เดือน,2568,1,ต.ค. 2567,9,อัตราของระดับความดันโลหิตในผู้ป่วย DM <= 130/80 mmHg,>= 60%,>=,60,108,329,32.83,ไม่ผ่าน,-27.17
เดือน,2568,1,ต.ค. 2567,10,อัตราผู้ป่วย DM อายุ 40 ปีขึ้นไปที่ได้รับยา Aspirin,> 70%,>,70,106,282,37.59,ไม่ผ่าน,-32.41
เดือน,2568,1,ต.ค. 2567,11,อัตราผู้ป่วย DM ที่ได้รับการตรวจ Microalbuminuria ประจำปี,> 80%,>,80,6,329,1.82,ไม่ผ่าน,-78.18
เดือน,2568,1,ต.ค. 2567,12,อัตราผู้ป่วย DM มี Microalbuminuria ที่ได้รักษาด้วยยา ACEI หรือ ARB,>= 60%,>=,60,1,3,33.33,ไม่ผ่าน,-26.67
เดือน,2568,1,ต.ค. 2567,13,อัตราผู้ป่วย DM ที่ได้รับการตรวจจอประสาทตาประจำปี,> 70%,>,70,26,329,7.9,ไม่ผ่าน,-62.1
เดือน,2568,1,ต.ค. 2567,14,อัตราผู้ป่วย DM ที่ได้รับการตรวจสุขภาพช่องปากประจำปี,> 40%,>,40,9,329,2.74,ไม่ผ่าน,-37.26
เดือน,2568,1,ต.ค. 2567,15,อัตราผู้ป่วย DM ที่ได้รับการตรวจเท้าอย่างละเอียดประจำปี,> 80%,>,80,15,329,4.56,ไม่ผ่าน,-75.44
เดือน,2568,1,ต.ค. 2567,16,อัตราผู้ป่วยเบาหวานที่มี Diabetic retinopathy,< 15%,<,15,17,329,5.17,ผ่าน,9.83
เดือน,2568,1,ต.ค. 2567,17,อัตราผู้ป่วยเบาหวานที่มี Diabetic nephropathy,< 30%,<,30,7,329,2.13,ผ่าน,27.87
เดือน,2568,1,ต.ค. 2567,18,อัตราผู้ป่วยเบาหวานที่มีแผลที่เท้า,< 5%,<,5,2,329,0.61,ผ่าน,4.39
เดือน,2568,2,พ.ย. 2567,1,อัตราผู้ป่วย DM ที่ได้รับการตรวจ HbA1c,>= 70%,>=,70,164,233,70.39,ผ่าน,0.39
เดือน,2568,2,พ.ย. 2567,2,อัตราผู้ป่วยเบาหวานชนิดที่ 2 ที่มีระดับ HbA1c < 7%,> 40%,>,40,36,214,16.82,ไม่ผ่าน,-23.18
เดือน,2568,2,พ.ย. 2567,3,อัตราผู้ป่วยเบาหวานชนิดที่ 1 ที่มีระดับ HbA1c < 7%,> 40%,>,40,1,16,6.25,ไม่ผ่าน,-33.75
เดือน,2568,2,พ.ย. 2567,4,อัตราการรักษาในโรงพยาบาลเนื่องจากภาวะแทรกซ้อนเฉียบพลันจาก DM,< 4%,<,4,0,233,0,ผ่าน,4
เดือน,2568,2,พ.ย. 2567,5,อัตราการรักษาในโรงพยาบาลเนื่องจากภาวะแทรกซ้อนเฉียบพลัน Hypoglycemia,< 4%,<,4,0,233,0,ผ่าน,4
เดือน,2568,2,พ.ย. 2567,6,"อัตราการรักษาในโรงพยาบาลเนื่องจากภาวะแทรกซ้อนเฉียบพลัน Hyperglycemia, DKA",< 4%,<,4,0,233,0,ผ่าน,4
เดือน,2568,2,พ.ย. 2567,7,อัตราผู้ป่วย DM ที่ได้รับการตรวจ Lipid profile,> 70%,>,70,31,233,13.3,ไม่ผ่าน,-56.7
เดือน,2568,2,พ.ย. 2567,8,อัตราผู้ป่วย DM ที่มีระดับ LDL < 100 mg/dL,> 60%,>,60,16,233,6.87,ไม่ผ่าน,-53.13
เดือน,2568,2,พ.ย. 2567,9,อัตราของระดับความดันโลหิตในผู้ป่วย DM <= 130/80 mmHg,>= 60%,>=,60,73,233,31.33,ไม่ผ่าน,-28.67
เดือน,2568,2,พ.ย. 2567,10,อัตราผู้ป่วย DM อายุ 40 ปีขึ้นไปที่ได้รับยา Aspirin,> 70%,>,70,66,204,32.35,ไม่ผ่าน,-37.65
เดือน,2568,2,พ.ย. 2567,11,อัตราผู้ป่วย DM ที่ได้รับการตรวจ Microalbuminuria ประจำปี,> 80%,>,80,3,233,1.29,ไม่ผ่าน,-78.71
เดือน,2568,2,พ.ย. 2567,12,อัตราผู้ป่วย DM มี Microalbuminuria ที่ได้รักษาด้วยยา ACEI หรือ ARB,>= 60%,>=,60,1,2,50,ไม่ผ่าน,-10
เดือน,2568,2,พ.ย. 2567,13,อัตราผู้ป่วย DM ที่ได้รับการตรวจจอประสาทตาประจำปี,> 70%,>,70,13,233,5.58,ไม่ผ่าน,-64.42
เดือน,2568,2,พ.ย. 2567,14,อัตราผู้ป่วย DM ที่ได้รับการตรวจสุขภาพช่องปากประจำปี,> 40%,>,40,21,233,9.01,ไม่ผ่าน,-30.99
เดือน,2568,2,พ.ย. 2567,15,อัตราผู้ป่วย DM ที่ได้รับการตรวจเท้าอย่างละเอียดประจำปี,> 80%,>,80,7,233,3,ไม่ผ่าน,-77
เดือน,2568,2,พ.ย. 2567,16,อัตราผู้ป่วยเบาหวานที่มี Diabetic retinopathy,< 15%,<,15,8,233,3.43,ผ่าน,11.57
เดือน,2568,2,พ.ย. 2567,17,อัตราผู้ป่วยเบาหวานที่มี Diabetic nephropathy,< 30%,<,30,4,233,1.72,ผ่าน,28.28
เดือน,2568,2,พ.ย. 2567,18,อัตราผู้ป่วยเบาหวานที่มีแผลที่เท้า,< 5%,<,5,0,233,0,ผ่าน,5
เดือน,2568,3,ธ.ค. 2567,1,อัตราผู้ป่วย DM ที่ได้รับการตรวจ HbA1c,>= 70%,>=,70,160,213,75.12,ผ่าน,5.12
เดือน,2568,3,ธ.ค. 2567,2,อัตราผู้ป่วยเบาหวานชนิดที่ 2 ที่มีระดับ HbA1c < 7%,> 40%,>,40,30,200,15,ไม่ผ่าน,-25
เดือน,2568,3,ธ.ค. 2567,3,อัตราผู้ป่วยเบาหวานชนิดที่ 1 ที่มีระดับ HbA1c < 7%,> 40%,>,40,0,9,0,ไม่ผ่าน,-40
เดือน,2568,3,ธ.ค. 2567,4,อัตราการรักษาในโรงพยาบาลเนื่องจากภาวะแทรกซ้อนเฉียบพลันจาก DM,< 4%,<,4,0,213,0,ผ่าน,4
เดือน,2568,3,ธ.ค. 2567,5,อัตราการรักษาในโรงพยาบาลเนื่องจากภาวะแทรกซ้อนเฉียบพลัน Hypoglycemia,< 4%,<,4,0,213,0,ผ่าน,4
เดือน,2568,3,ธ.ค. 2567,6,"อัตราการรักษาในโรงพยาบาลเนื่องจากภาวะแทรกซ้อนเฉียบพลัน Hyperglycemia, DKA",< 4%,<,4,0,213,0,ผ่าน,4
เดือน,2568,3,ธ.ค. 2567,7,อัตราผู้ป่วย DM ที่ได้รับการตรวจ Lipid profile,> 70%,>,70,56,213,26.29,ไม่ผ่าน,-43.71
เดือน,2568,3,ธ.ค. 2567,8,อัตราผู้ป่วย DM ที่มีระดับ LDL < 100 mg/dL,> 60%,>,60,34,213,15.96,ไม่ผ่าน,-44.04
เดือน,2568,3,ธ.ค. 2567,9,อัตราของระดับความดันโลหิตในผู้ป่วย DM <= 130/80 mmHg,>= 60%,>=,60,52,213,24.41,ไม่ผ่าน,-35.59
เดือน,2568,3,ธ.ค. 2567,10,อัตราผู้ป่วย DM อายุ 40 ปีขึ้นไปที่ได้รับยา Aspirin,> 70%,>,70,73,185,39.46,ไม่ผ่าน,-30.54
เดือน,2568,3,ธ.ค. 2567,11,อัตราผู้ป่วย DM ที่ได้รับการตรวจ Microalbuminuria ประจำปี,> 80%,>,80,2,213,0.94,ไม่ผ่าน,-79.06
เดือน,2568,3,ธ.ค. 2567,12,อัตราผู้ป่วย DM มี Microalbuminuria ที่ได้รักษาด้วยยา ACEI หรือ ARB,>= 60%,>=,60,0,1,0,ไม่ผ่าน,-60
เดือน,2568,3,ธ.ค. 2567,13,อัตราผู้ป่วย DM ที่ได้รับการตรวจจอประสาทตาประจำปี,> 70%,>,70,15,213,7.04,ไม่ผ่าน,-62.96
เดือน,2568,3,ธ.ค. 2567,14,อัตราผู้ป่วย DM ที่ได้รับการตรวจสุขภาพช่องปากประจำปี,> 40%,>,40,8,213,3.76,ไม่ผ่าน,-36.24
เดือน,2568,3,ธ.ค. 2567,15,อัตราผู้ป่วย DM ที่ได้รับการตรวจเท้าอย่างละเอียดประจำปี,> 80%,>,80,13,213,6.1,ไม่ผ่าน,-73.9
เดือน,2568,3,ธ.ค. 2567,16,อัตราผู้ป่วยเบาหวานที่มี Diabetic retinopathy,< 15%,<,15,11,213,5.16,ผ่าน,9.84
เดือน,2568,3,ธ.ค. 2567,17,อัตราผู้ป่วยเบาหวานที่มี Diabetic nephropathy,< 30%,<,30,6,213,2.82,ผ่าน,27.18
เดือน,2568,3,ธ.ค. 2567,18,อัตราผู้ป่วยเบาหวานที่มีแผลที่เท้า,< 5%,<,5,1,213,0.47,ผ่าน,4.53
เดือน,2568,4,ม.ค. 2568,1,อัตราผู้ป่วย DM ที่ได้รับการตรวจ HbA1c,>= 70%,>=,70,187,242,77.27,ผ่าน,7.27
เดือน,2568,4,ม.ค. 2568,2,อัตราผู้ป่วยเบาหวานชนิดที่ 2 ที่มีระดับ HbA1c < 7%,> 40%,>,40,42,230,18.26,ไม่ผ่าน,-21.74
เดือน,2568,4,ม.ค. 2568,3,อัตราผู้ป่วยเบาหวานชนิดที่ 1 ที่มีระดับ HbA1c < 7%,> 40%,>,40,2,12,16.67,ไม่ผ่าน,-23.33
เดือน,2568,4,ม.ค. 2568,4,อัตราการรักษาในโรงพยาบาลเนื่องจากภาวะแทรกซ้อนเฉียบพลันจาก DM,< 4%,<,4,0,242,0,ผ่าน,4
เดือน,2568,4,ม.ค. 2568,5,อัตราการรักษาในโรงพยาบาลเนื่องจากภาวะแทรกซ้อนเฉียบพลัน Hypoglycemia,< 4%,<,4,0,242,0,ผ่าน,4
เดือน,2568,4,ม.ค. 2568,6,"อัตราการรักษาในโรงพยาบาลเนื่องจากภาวะแทรกซ้อนเฉียบพลัน Hyperglycemia, DKA",< 4%,<,4,0,242,0,ผ่าน,4
เดือน,2568,4,ม.ค. 2568,7,อัตราผู้ป่วย DM ที่ได้รับการตรวจ Lipid profile,> 70%,>,70,66,242,27.27,ไม่ผ่าน,-42.73
เดือน,2568,4,ม.ค. 2568,8,อัตราผู้ป่วย DM ที่มีระดับ LDL < 100 mg/dL,> 60%,>,60,40,242,16.53,ไม่ผ่าน,-43.47
เดือน,2568,4,ม.ค. 2568,9,อัตราของระดับความดันโลหิตในผู้ป่วย DM <= 130/80 mmHg,>= 60%,>=,60,48,242,19.83,ไม่ผ่าน,-40.17
เดือน,2568,4,ม.ค. 2568,10,อัตราผู้ป่วย DM อายุ 40 ปีขึ้นไปที่ได้รับยา Aspirin,> 70%,>,70,79,215,36.74,ไม่ผ่าน,-33.26
เดือน,2568,4,ม.ค. 2568,11,อัตราผู้ป่วย DM ที่ได้รับการตรวจ Microalbuminuria ประจำปี,> 80%,>,80,1,242,0.41,ไม่ผ่าน,-79.59
เดือน,2568,4,ม.ค. 2568,12,อัตราผู้ป่วย DM มี Microalbuminuria ที่ได้รักษาด้วยยา ACEI หรือ ARB,>= 60%,>=,60,0,0,,ไม่มีข้อมูล,
เดือน,2568,4,ม.ค. 2568,13,อัตราผู้ป่วย DM ที่ได้รับการตรวจจอประสาทตาประจำปี,> 70%,>,70,8,242,3.31,ไม่ผ่าน,-66.69
เดือน,2568,4,ม.ค. 2568,14,อัตราผู้ป่วย DM ที่ได้รับการตรวจสุขภาพช่องปากประจำปี,> 40%,>,40,17,242,7.02,ไม่ผ่าน,-32.98
เดือน,2568,4,ม.ค. 2568,15,อัตราผู้ป่วย DM ที่ได้รับการตรวจเท้าอย่างละเอียดประจำปี,> 80%,>,80,2,242,0.83,ไม่ผ่าน,-79.17
เดือน,2568,4,ม.ค. 2568,16,อัตราผู้ป่วยเบาหวานที่มี Diabetic retinopathy,< 15%,<,15,10,242,4.13,ผ่าน,10.87
เดือน,2568,4,ม.ค. 2568,17,อัตราผู้ป่วยเบาหวานที่มี Diabetic nephropathy,< 30%,<,30,4,242,1.65,ผ่าน,28.35
เดือน,2568,4,ม.ค. 2568,18,อัตราผู้ป่วยเบาหวานที่มีแผลที่เท้า,< 5%,<,5,0,242,0,ผ่าน,5
เดือน,2568,5,ก.พ. 2568,1,อัตราผู้ป่วย DM ที่ได้รับการตรวจ HbA1c,>= 70%,>=,70,223,294,75.85,ผ่าน,5.85
เดือน,2568,5,ก.พ. 2568,2,อัตราผู้ป่วยเบาหวานชนิดที่ 2 ที่มีระดับ HbA1c < 7%,> 40%,>,40,29,276,10.51,ไม่ผ่าน,-29.49
เดือน,2568,5,ก.พ. 2568,3,อัตราผู้ป่วยเบาหวานชนิดที่ 1 ที่มีระดับ HbA1c < 7%,> 40%,>,40,3,16,18.75,ไม่ผ่าน,-21.25
เดือน,2568,5,ก.พ. 2568,4,อัตราการรักษาในโรงพยาบาลเนื่องจากภาวะแทรกซ้อนเฉียบพลันจาก DM,< 4%,<,4,0,294,0,ผ่าน,4
เดือน,2568,5,ก.พ. 2568,5,อัตราการรักษาในโรงพยาบาลเนื่องจากภาวะแทรกซ้อนเฉียบพลัน Hypoglycemia,< 4%,<,4,0,294,0,ผ่าน,4
เดือน,2568,5,ก.พ. 2568,6,"อัตราการรักษาในโรงพยาบาลเนื่องจากภาวะแทรกซ้อนเฉียบพลัน Hyperglycemia, DKA",< 4%,<,4,0,294,0,ผ่าน,4
เดือน,2568,5,ก.พ. 2568,7,อัตราผู้ป่วย DM ที่ได้รับการตรวจ Lipid profile,> 70%,>,70,74,294,25.17,ไม่ผ่าน,-44.83
เดือน,2568,5,ก.พ. 2568,8,อัตราผู้ป่วย DM ที่มีระดับ LDL < 100 mg/dL,> 60%,>,60,41,294,13.95,ไม่ผ่าน,-46.05
เดือน,2568,5,ก.พ. 2568,9,อัตราของระดับความดันโลหิตในผู้ป่วย DM <= 130/80 mmHg,>= 60%,>=,60,85,294,28.91,ไม่ผ่าน,-31.09
เดือน,2568,5,ก.พ. 2568,10,อัตราผู้ป่วย DM อายุ 40 ปีขึ้นไปที่ได้รับยา Aspirin,> 70%,>,70,96,258,37.21,ไม่ผ่าน,-32.79
เดือน,2568,5,ก.พ. 2568,11,อัตราผู้ป่วย DM ที่ได้รับการตรวจ Microalbuminuria ประจำปี,> 80%,>,80,3,294,1.02,ไม่ผ่าน,-78.98
เดือน,2568,5,ก.พ. 2568,12,อัตราผู้ป่วย DM มี Microalbuminuria ที่ได้รักษาด้วยยา ACEI หรือ ARB,>= 60%,>=,60,0,2,0,ไม่ผ่าน,-60
เดือน,2568,5,ก.พ. 2568,13,อัตราผู้ป่วย DM ที่ได้รับการตรวจจอประสาทตาประจำปี,> 70%,>,70,20,294,6.8,ไม่ผ่าน,-63.2
เดือน,2568,5,ก.พ. 2568,14,อัตราผู้ป่วย DM ที่ได้รับการตรวจสุขภาพช่องปากประจำปี,> 40%,>,40,14,294,4.76,ไม่ผ่าน,-35.24
เดือน,2568,5,ก.พ. 2568,15,อัตราผู้ป่วย DM ที่ได้รับการตรวจเท้าอย่างละเอียดประจำปี,> 80%,>,80,17,294,5.78,ไม่ผ่าน,-74.22
เดือน,2568,5,ก.พ. 2568,16,อัตราผู้ป่วยเบาหวานที่มี Diabetic retinopathy,< 15%,<,15,19,294,6.46,ผ่าน,8.54
เดือน,2568,5,ก.พ. 2568,17,อัตราผู้ป่วยเบาหวานที่มี Diabetic nephropathy,< 30%,<,30,5,294,1.7,ผ่าน,28.3
เดือน,2568,5,ก.พ. 2568,18,อัตราผู้ป่วยเบาหวานที่มีแผลที่เท้า,< 5%,<,5,0,294,0,ผ่าน,5
เดือน,2568,6,มี.ค. 2568,1,อัตราผู้ป่วย DM ที่ได้รับการตรวจ HbA1c,>= 70%,>=,70,182,267,68.16,ไม่ผ่าน,-1.84
เดือน,2568,6,มี.ค. 2568,2,อัตราผู้ป่วยเบาหวานชนิดที่ 2 ที่มีระดับ HbA1c < 7%,> 40%,>,40,26,235,11.06,ไม่ผ่าน,-28.94
เดือน,2568,6,มี.ค. 2568,3,อัตราผู้ป่วยเบาหวานชนิดที่ 1 ที่มีระดับ HbA1c < 7%,> 40%,>,40,2,12,16.67,ไม่ผ่าน,-23.33
เดือน,2568,6,มี.ค. 2568,4,อัตราการรักษาในโรงพยาบาลเนื่องจากภาวะแทรกซ้อนเฉียบพลันจาก DM,< 4%,<,4,0,267,0,ผ่าน,4
เดือน,2568,6,มี.ค. 2568,5,อัตราการรักษาในโรงพยาบาลเนื่องจากภาวะแทรกซ้อนเฉียบพลัน Hypoglycemia,< 4%,<,4,0,267,0,ผ่าน,4
เดือน,2568,6,มี.ค. 2568,6,"อัตราการรักษาในโรงพยาบาลเนื่องจากภาวะแทรกซ้อนเฉียบพลัน Hyperglycemia, DKA",< 4%,<,4,0,267,0,ผ่าน,4
เดือน,2568,6,มี.ค. 2568,7,อัตราผู้ป่วย DM ที่ได้รับการตรวจ Lipid profile,> 70%,>,70,60,267,22.47,ไม่ผ่าน,-47.53
เดือน,2568,6,มี.ค. 2568,8,อัตราผู้ป่วย DM ที่มีระดับ LDL < 100 mg/dL,> 60%,>,60,33,267,12.36,ไม่ผ่าน,-47.64
เดือน,2568,6,มี.ค. 2568,9,อัตราของระดับความดันโลหิตในผู้ป่วย DM <= 130/80 mmHg,>= 60%,>=,60,94,267,35.21,ไม่ผ่าน,-24.79
เดือน,2568,6,มี.ค. 2568,10,อัตราผู้ป่วย DM อายุ 40 ปีขึ้นไปที่ได้รับยา Aspirin,> 70%,>,70,72,223,32.29,ไม่ผ่าน,-37.71
เดือน,2568,6,มี.ค. 2568,11,อัตราผู้ป่วย DM ที่ได้รับการตรวจ Microalbuminuria ประจำปี,> 80%,>,80,4,267,1.5,ไม่ผ่าน,-78.5
เดือน,2568,6,มี.ค. 2568,12,อัตราผู้ป่วย DM มี Microalbuminuria ที่ได้รักษาด้วยยา ACEI หรือ ARB,>= 60%,>=,60,3,3,100,ผ่าน,40
เดือน,2568,6,มี.ค. 2568,13,อัตราผู้ป่วย DM ที่ได้รับการตรวจจอประสาทตาประจำปี,> 70%,>,70,24,267,8.99,ไม่ผ่าน,-61.01
เดือน,2568,6,มี.ค. 2568,14,อัตราผู้ป่วย DM ที่ได้รับการตรวจสุขภาพช่องปากประจำปี,> 40%,>,40,21,267,7.87,ไม่ผ่าน,-32.13
เดือน,2568,6,มี.ค. 2568,15,อัตราผู้ป่วย DM ที่ได้รับการตรวจเท้าอย่างละเอียดประจำปี,> 80%,>,80,12,267,4.49,ไม่ผ่าน,-75.51
เดือน,2568,6,มี.ค. 2568,16,อัตราผู้ป่วยเบาหวานที่มี Diabetic retinopathy,< 15%,<,15,16,267,5.99,ผ่าน,9.01
เดือน,2568,6,มี.ค. 2568,17,อัตราผู้ป่วยเบาหวานที่มี Diabetic nephropathy,< 30%,<,30,5,267,1.87,ผ่าน,28.13
เดือน,2568,6,มี.ค. 2568,18,อัตราผู้ป่วยเบาหวานที่มีแผลที่เท้า,< 5%,<,5,1,267,0.37,ผ่าน,4.63
เดือน,2568,7,เม.ย. 2568,1,อัตราผู้ป่วย DM ที่ได้รับการตรวจ HbA1c,>= 70%,>=,70,152,266,57.14,ไม่ผ่าน,-12.86
เดือน,2568,7,เม.ย. 2568,2,อัตราผู้ป่วยเบาหวานชนิดที่ 2 ที่มีระดับ HbA1c < 7%,> 40%,>,40,32,250,12.8,ไม่ผ่าน,-27.2
เดือน,2568,7,เม.ย. 2568,3,อัตราผู้ป่วยเบาหวานชนิดที่ 1 ที่มีระดับ HbA1c < 7%,> 40%,>,40,1,8,12.5,ไม่ผ่าน,-27.5
เดือน,2568,7,เม.ย. 2568,4,อัตราการรักษาในโรงพยาบาลเนื่องจากภาวะแทรกซ้อนเฉียบพลันจาก DM,< 4%,<,4,0,266,0,ผ่าน,4
เดือน,2568,7,เม.ย. 2568,5,อัตราการรักษาในโรงพยาบาลเนื่องจากภาวะแทรกซ้อนเฉียบพลัน Hypoglycemia,< 4%,<,4,0,266,0,ผ่าน,4
เดือน,2568,7,เม.ย. 2568,6,"อัตราการรักษาในโรงพยาบาลเนื่องจากภาวะแทรกซ้อนเฉียบพลัน Hyperglycemia, DKA",< 4%,<,4,0,266,0,ผ่าน,4
เดือน,2568,7,เม.ย. 2568,7,อัตราผู้ป่วย DM ที่ได้รับการตรวจ Lipid profile,> 70%,>,70,44,266,16.54,ไม่ผ่าน,-53.46
เดือน,2568,7,เม.ย. 2568,8,อัตราผู้ป่วย DM ที่มีระดับ LDL < 100 mg/dL,> 60%,>,60,22,266,8.27,ไม่ผ่าน,-51.73
เดือน,2568,7,เม.ย. 2568,9,อัตราของระดับความดันโลหิตในผู้ป่วย DM <= 130/80 mmHg,>= 60%,>=,60,85,266,31.95,ไม่ผ่าน,-28.05
เดือน,2568,7,เม.ย. 2568,10,อัตราผู้ป่วย DM อายุ 40 ปีขึ้นไปที่ได้รับยา Aspirin,> 70%,>,70,85,234,36.32,ไม่ผ่าน,-33.68
เดือน,2568,7,เม.ย. 2568,11,อัตราผู้ป่วย DM ที่ได้รับการตรวจ Microalbuminuria ประจำปี,> 80%,>,80,2,266,0.75,ไม่ผ่าน,-79.25
เดือน,2568,7,เม.ย. 2568,12,อัตราผู้ป่วย DM มี Microalbuminuria ที่ได้รักษาด้วยยา ACEI หรือ ARB,>= 60%,>=,60,0,0,,ไม่มีข้อมูล,
เดือน,2568,7,เม.ย. 2568,13,อัตราผู้ป่วย DM ที่ได้รับการตรวจจอประสาทตาประจำปี,> 70%,>,70,15,266,5.64,ไม่ผ่าน,-64.36
เดือน,2568,7,เม.ย. 2568,14,อัตราผู้ป่วย DM ที่ได้รับการตรวจสุขภาพช่องปากประจำปี,> 40%,>,40,23,266,8.65,ไม่ผ่าน,-31.35
เดือน,2568,7,เม.ย. 2568,15,อัตราผู้ป่วย DM ที่ได้รับการตรวจเท้าอย่างละเอียดประจำปี,> 80%,>,80,7,266,2.63,ไม่ผ่าน,-77.37
เดือน,2568,7,เม.ย. 2568,16,อัตราผู้ป่วยเบาหวานที่มี Diabetic retinopathy,< 15%,<,15,19,266,7.14,ผ่าน,7.86
เดือน,2568,7,เม.ย. 2568,17,อัตราผู้ป่วยเบาหวานที่มี Diabetic nephropathy,< 30%,<,30,4,266,1.5,ผ่าน,28.5
เดือน,2568,7,เม.ย. 2568,18,อัตราผู้ป่วยเบาหวานที่มีแผลที่เท้า,< 5%,<,5,1,266,0.38,ผ่าน,4.62
เดือน,2568,8,พ.ค. 2568,1,อัตราผู้ป่วย DM ที่ได้รับการตรวจ HbA1c,>= 70%,>=,70,219,275,79.64,ผ่าน,9.64
เดือน,2568,8,พ.ค. 2568,2,อัตราผู้ป่วยเบาหวานชนิดที่ 2 ที่มีระดับ HbA1c < 7%,> 40%,>,40,48,252,19.05,ไม่ผ่าน,-20.95
เดือน,2568,8,พ.ค. 2568,3,อัตราผู้ป่วยเบาหวานชนิดที่ 1 ที่มีระดับ HbA1c < 7%,> 40%,>,40,2,13,15.38,ไม่ผ่าน,-24.62
เดือน,2568,8,พ.ค. 2568,4,อัตราการรักษาในโรงพยาบาลเนื่องจากภาวะแทรกซ้อนเฉียบพลันจาก DM,< 4%,<,4,0,275,0,ผ่าน,4
เดือน,2568,8,พ.ค. 2568,5,อัตราการรักษาในโรงพยาบาลเนื่องจากภาวะแทรกซ้อนเฉียบพลัน Hypoglycemia,< 4%,<,4,0,275,0,ผ่าน,4
เดือน,2568,8,พ.ค. 2568,6,"อัตราการรักษาในโรงพยาบาลเนื่องจากภาวะแทรกซ้อนเฉียบพลัน Hyperglycemia, DKA",< 4%,<,4,0,275,0,ผ่าน,4
เดือน,2568,8,พ.ค. 2568,7,อัตราผู้ป่วย DM ที่ได้รับการตรวจ Lipid profile,> 70%,>,70,38,275,13.82,ไม่ผ่าน,-56.18
เดือน,2568,8,พ.ค. 2568,8,อัตราผู้ป่วย DM ที่มีระดับ LDL < 100 mg/dL,> 60%,>,60,21,275,7.64,ไม่ผ่าน,-52.36
เดือน,2568,8,พ.ค. 2568,9,อัตราของระดับความดันโลหิตในผู้ป่วย DM <= 130/80 mmHg,>= 60%,>=,60,107,275,38.91,ไม่ผ่าน,-21.09
เดือน,2568,8,พ.ค. 2568,10,อัตราผู้ป่วย DM อายุ 40 ปีขึ้นไปที่ได้รับยา Aspirin,> 70%,>,70,89,245,36.33,ไม่ผ่าน,-33.67
เดือน,2568,8,พ.ค. 2568,11,อัตราผู้ป่วย DM ที่ได้รับการตรวจ Microalbuminuria ประจำปี,> 80%,>,80,2,275,0.73,ไม่ผ่าน,-79.27
เดือน,2568,8,พ.ค. 2568,12,อัตราผู้ป่วย DM มี Microalbuminuria ที่ได้รักษาด้วยยา ACEI หรือ ARB,>= 60%,>=,60,1,1,100,ผ่าน,40
เดือน,2568,8,พ.ค. 2568,13,อัตราผู้ป่วย DM ที่ได้รับการตรวจจอประสาทตาประจำปี,> 70%,>,70,16,275,5.82,ไม่ผ่าน,-64.18
เดือน,2568,8,พ.ค. 2568,14,อัตราผู้ป่วย DM ที่ได้รับการตรวจสุขภาพช่องปากประจำปี,> 40%,>,40,6,275,2.18,ไม่ผ่าน,-37.82
เดือน,2568,8,พ.ค. 2568,15,อัตราผู้ป่วย DM ที่ได้รับการตรวจเท้าอย่างละเอียดประจำปี,> 80%,>,80,2,275,0.73,ไม่ผ่าน,-79.27
เดือน,2568,8,พ.ค. 2568,16,อัตราผู้ป่วยเบาหวานที่มี Diabetic retinopathy,< 15%,<,15,10,275,3.64,ผ่าน,11.36
เดือน,2568,8,พ.ค. 2568,17,อัตราผู้ป่วยเบาหวานที่มี Diabetic nephropathy,< 30%,<,30,1,275,0.36,ผ่าน,29.64
เดือน,2568,8,พ.ค. 2568,18,อัตราผู้ป่วยเบาหวานที่มีแผลที่เท้า,< 5%,<,5,0,275,0,ผ่าน,5
เดือน,2568,9,มิ.ย. 2568,1,อัตราผู้ป่วย DM ที่ได้รับการตรวจ HbA1c,>= 70%,>=,70,175,261,67.05,ไม่ผ่าน,-2.95
เดือน,2568,9,มิ.ย. 2568,2,อัตราผู้ป่วยเบาหวานชนิดที่ 2 ที่มีระดับ HbA1c < 7%,> 40%,>,40,50,241,20.75,ไม่ผ่าน,-19.25
เดือน,2568,9,มิ.ย. 2568,3,อัตราผู้ป่วยเบาหวานชนิดที่ 1 ที่มีระดับ HbA1c < 7%,> 40%,>,40,0,12,0,ไม่ผ่าน,-40
เดือน,2568,9,มิ.ย. 2568,4,อัตราการรักษาในโรงพยาบาลเนื่องจากภาวะแทรกซ้อนเฉียบพลันจาก DM,< 4%,<,4,0,261,0,ผ่าน,4
เดือน,2568,9,มิ.ย. 2568,5,อัตราการรักษาในโรงพยาบาลเนื่องจากภาวะแทรกซ้อนเฉียบพลัน Hypoglycemia,< 4%,<,4,0,261,0,ผ่าน,4
เดือน,2568,9,มิ.ย. 2568,6,"อัตราการรักษาในโรงพยาบาลเนื่องจากภาวะแทรกซ้อนเฉียบพลัน Hyperglycemia, DKA",< 4%,<,4,0,261,0,ผ่าน,4
เดือน,2568,9,มิ.ย. 2568,7,อัตราผู้ป่วย DM ที่ได้รับการตรวจ Lipid profile,> 70%,>,70,38,261,14.56,ไม่ผ่าน,-55.44
เดือน,2568,9,มิ.ย. 2568,8,อัตราผู้ป่วย DM ที่มีระดับ LDL < 100 mg/dL,> 60%,>,60,18,261,6.9,ไม่ผ่าน,-53.1
เดือน,2568,9,มิ.ย. 2568,9,อัตราของระดับความดันโลหิตในผู้ป่วย DM <= 130/80 mmHg,>= 60%,>=,60,55,261,21.07,ไม่ผ่าน,-38.93
เดือน,2568,9,มิ.ย. 2568,10,อัตราผู้ป่วย DM อายุ 40 ปีขึ้นไปที่ได้รับยา Aspirin,> 70%,>,70,67,226,29.65,ไม่ผ่าน,-40.35
เดือน,2568,9,มิ.ย. 2568,11,อัตราผู้ป่วย DM ที่ได้รับการตรวจ Microalbuminuria ประจำปี,> 80%,>,80,3,261,1.15,ไม่ผ่าน,-78.85
เดือน,2568,9,มิ.ย. 2568,12,อัตราผู้ป่วย DM มี Microalbuminuria ที่ได้รักษาด้วยยา ACEI หรือ ARB,>= 60%,>=,60,1,1,100,ผ่าน,40
เดือน,2568,9,มิ.ย. 2568,13,อัตราผู้ป่วย DM ที่ได้รับการตรวจจอประสาทตาประจำปี,> 70%,>,70,21,261,8.05,ไม่ผ่าน,-61.95
เดือน,2568,9,มิ.ย. 2568,14,อัตราผู้ป่วย DM ที่ได้รับการตรวจสุขภาพช่องปากประจำปี,> 40%,>,40,8,261,3.07,ไม่ผ่าน,-36.93
เดือน,2568,9,มิ.ย. 2568,15,อัตราผู้ป่วย DM ที่ได้รับการตรวจเท้าอย่างละเอียดประจำปี,> 80%,>,80,16,261,6.13,ไม่ผ่าน,-73.87
เดือน,2568,9,มิ.ย. 2568,16,อัตราผู้ป่วยเบาหวานที่มี Diabetic retinopathy,< 15%,<,15,18,261,6.9,ผ่าน,8.1
เดือน,2568,9,มิ.ย. 2568,17,อัตราผู้ป่วยเบาหวานที่มี Diabetic nephropathy,< 30%,<,30,8,261,3.07,ผ่าน,26.93
เดือน,2568,9,มิ.ย. 2568,18,อัตราผู้ป่วยเบาหวานที่มีแผลที่เท้า,< 5%,<,5,1,261,0.38,ผ่าน,4.62
เดือน,2568,10,ก.ค. 2568,1,อัตราผู้ป่วย DM ที่ได้รับการตรวจ HbA1c,>= 70%,>=,70,229,342,66.96,ไม่ผ่าน,-3.04
เดือน,2568,10,ก.ค. 2568,2,อัตราผู้ป่วยเบาหวานชนิดที่ 2 ที่มีระดับ HbA1c < 7%,> 40%,>,40,50,319,15.67,ไม่ผ่าน,-24.33
เดือน,2568,10,ก.ค. 2568,3,อัตราผู้ป่วยเบาหวานชนิดที่ 1 ที่มีระดับ HbA1c < 7%,> 40%,>,40,2,12,16.67,ไม่ผ่าน,-23.33
เดือน,2568,10,ก.ค. 2568,4,อัตราการรักษาในโรงพยาบาลเนื่องจากภาวะแทรกซ้อนเฉียบพลันจาก DM,< 4%,<,4,0,342,0,ผ่าน,4
เดือน,2568,10,ก.ค. 2568,5,อัตราการรักษาในโรงพยาบาลเนื่องจากภาวะแทรกซ้อนเฉียบพลัน Hypoglycemia,< 4%,<,4,0,342,0,ผ่าน,4
เดือน,2568,10,ก.ค. 2568,6,"อัตราการรักษาในโรงพยาบาลเนื่องจากภาวะแทรกซ้อนเฉียบพลัน Hyperglycemia, DKA",< 4%,<,4,0,342,0,ผ่าน,4
เดือน,2568,10,ก.ค. 2568,7,อัตราผู้ป่วย DM ที่ได้รับการตรวจ Lipid profile,> 70%,>,70,62,342,18.13,ไม่ผ่าน,-51.87
เดือน,2568,10,ก.ค. 2568,8,อัตราผู้ป่วย DM ที่มีระดับ LDL < 100 mg/dL,> 60%,>,60,30,342,8.77,ไม่ผ่าน,-51.23
เดือน,2568,10,ก.ค. 2568,9,อัตราของระดับความดันโลหิตในผู้ป่วย DM <= 130/80 mmHg,>= 60%,>=,60,59,342,17.25,ไม่ผ่าน,-42.75
เดือน,2568,10,ก.ค. 2568,10,อัตราผู้ป่วย DM อายุ 40 ปีขึ้นไปที่ได้รับยา Aspirin,> 70%,>,70,101,290,34.83,ไม่ผ่าน,-35.17
เดือน,2568,10,ก.ค. 2568,11,อัตราผู้ป่วย DM ที่ได้รับการตรวจ Microalbuminuria ประจำปี,> 80%,>,80,5,342,1.46,ไม่ผ่าน,-78.54
เดือน,2568,10,ก.ค. 2568,12,อัตราผู้ป่วย DM มี Microalbuminuria ที่ได้รักษาด้วยยา ACEI หรือ ARB,>= 60%,>=,60,3,3,100,ผ่าน,40
เดือน,2568,10,ก.ค. 2568,13,อัตราผู้ป่วย DM ที่ได้รับการตรวจจอประสาทตาประจำปี,> 70%,>,70,21,342,6.14,ไม่ผ่าน,-63.86
เดือน,2568,10,ก.ค. 2568,14,อัตราผู้ป่วย DM ที่ได้รับการตรวจสุขภาพช่องปากประจำปี,> 40%,>,40,9,342,2.63,ไม่ผ่าน,-37.37
เดือน,2568,10,ก.ค. 2568,15,อัตราผู้ป่วย DM ที่ได้รับการตรวจเท้าอย่างละเอียดประจำปี,> 80%,>,80,22,342,6.43,ไม่ผ่าน,-73.57
เดือน,2568,10,ก.ค. 2568,16,อัตราผู้ป่วยเบาหวานที่มี Diabetic retinopathy,< 15%,<,15,18,342,5.26,ผ่าน,9.74
เดือน,2568,10,ก.ค. 2568,17,อัตราผู้ป่วยเบาหวานที่มี Diabetic nephropathy,< 30%,<,30,4,342,1.17,ผ่าน,28.83
เดือน,2568,10,ก.ค. 2568,18,อัตราผู้ป่วยเบาหวานที่มีแผลที่เท้า,< 5%,<,5,4,342,1.17,ผ่าน,3.83
เดือน,2568,11,ส.ค. 2568,1,อัตราผู้ป่วย DM ที่ได้รับการตรวจ HbA1c,>= 70%,>=,70,176,224,78.57,ผ่าน,8.57
เดือน,2568,11,ส.ค. 2568,2,อัตราผู้ป่วยเบาหวานชนิดที่ 2 ที่มีระดับ HbA1c < 7%,> 40%,>,40,41,207,19.81,ไม่ผ่าน,-20.19
เดือน,2568,11,ส.ค. 2568,3,อัตราผู้ป่วยเบาหวานชนิดที่ 1 ที่มีระดับ HbA1c < 7%,> 40%,>,40,0,9,0,ไม่ผ่าน,-40
เดือน,2568,11,ส.ค. 2568,4,อัตราการรักษาในโรงพยาบาลเนื่องจากภาวะแทรกซ้อนเฉียบพลันจาก DM,< 4%,<,4,0,224,0,ผ่าน,4
เดือน,2568,11,ส.ค. 2568,5,อัตราการรักษาในโรงพยาบาลเนื่องจากภาวะแทรกซ้อนเฉียบพลัน Hypoglycemia,< 4%,<,4,0,224,0,ผ่าน,4
เดือน,2568,11,ส.ค. 2568,6,"อัตราการรักษาในโรงพยาบาลเนื่องจากภาวะแทรกซ้อนเฉียบพลัน Hyperglycemia, DKA",< 4%,<,4,0,224,0,ผ่าน,4
เดือน,2568,11,ส.ค. 2568,7,อัตราผู้ป่วย DM ที่ได้รับการตรวจ Lipid profile,> 70%,>,70,43,224,19.2,ไม่ผ่าน,-50.8
เดือน,2568,11,ส.ค. 2568,8,อัตราผู้ป่วย DM ที่มีระดับ LDL < 100 mg/dL,> 60%,>,60,31,224,13.84,ไม่ผ่าน,-46.16
เดือน,2568,11,ส.ค. 2568,9,อัตราของระดับความดันโลหิตในผู้ป่วย DM <= 130/80 mmHg,>= 60%,>=,60,55,224,24.55,ไม่ผ่าน,-35.45
เดือน,2568,11,ส.ค. 2568,10,อัตราผู้ป่วย DM อายุ 40 ปีขึ้นไปที่ได้รับยา Aspirin,> 70%,>,70,72,199,36.18,ไม่ผ่าน,-33.82
เดือน,2568,11,ส.ค. 2568,11,อัตราผู้ป่วย DM ที่ได้รับการตรวจ Microalbuminuria ประจำปี,> 80%,>,80,1,224,0.45,ไม่ผ่าน,-79.55
เดือน,2568,11,ส.ค. 2568,12,อัตราผู้ป่วย DM มี Microalbuminuria ที่ได้รักษาด้วยยา ACEI หรือ ARB,>= 60%,>=,60,0,0,,ไม่มีข้อมูล,
เดือน,2568,11,ส.ค. 2568,13,อัตราผู้ป่วย DM ที่ได้รับการตรวจจอประสาทตาประจำปี,> 70%,>,70,13,224,5.8,ไม่ผ่าน,-64.2
เดือน,2568,11,ส.ค. 2568,14,อัตราผู้ป่วย DM ที่ได้รับการตรวจสุขภาพช่องปากประจำปี,> 40%,>,40,7,224,3.13,ไม่ผ่าน,-36.88
เดือน,2568,11,ส.ค. 2568,15,อัตราผู้ป่วย DM ที่ได้รับการตรวจเท้าอย่างละเอียดประจำปี,> 80%,>,80,2,224,0.89,ไม่ผ่าน,-79.11
เดือน,2568,11,ส.ค. 2568,16,อัตราผู้ป่วยเบาหวานที่มี Diabetic retinopathy,< 15%,<,15,12,224,5.36,ผ่าน,9.64
เดือน,2568,11,ส.ค. 2568,17,อัตราผู้ป่วยเบาหวานที่มี Diabetic nephropathy,< 30%,<,30,2,224,0.89,ผ่าน,29.11
เดือน,2568,11,ส.ค. 2568,18,อัตราผู้ป่วยเบาหวานที่มีแผลที่เท้า,< 5%,<,5,2,224,0.89,ผ่าน,4.11
เดือน,2568,12,ก.ย. 2568,1,อัตราผู้ป่วย DM ที่ได้รับการตรวจ HbA1c,>= 70%,>=,70,221,319,69.28,ไม่ผ่าน,-0.72
เดือน,2568,12,ก.ย. 2568,2,อัตราผู้ป่วยเบาหวานชนิดที่ 2 ที่มีระดับ HbA1c < 7%,> 40%,>,40,46,294,15.65,ไม่ผ่าน,-24.35
เดือน,2568,12,ก.ย. 2568,3,อัตราผู้ป่วยเบาหวานชนิดที่ 1 ที่มีระดับ HbA1c < 7%,> 40%,>,40,1,23,4.35,ไม่ผ่าน,-35.65
เดือน,2568,12,ก.ย. 2568,4,อัตราการรักษาในโรงพยาบาลเนื่องจากภาวะแทรกซ้อนเฉียบพลันจาก DM,< 4%,<,4,0,319,0,ผ่าน,4
เดือน,2568,12,ก.ย. 2568,5,อัตราการรักษาในโรงพยาบาลเนื่องจากภาวะแทรกซ้อนเฉียบพลัน Hypoglycemia,< 4%,<,4,0,319,0,ผ่าน,4
เดือน,2568,12,ก.ย. 2568,6,"อัตราการรักษาในโรงพยาบาลเนื่องจากภาวะแทรกซ้อนเฉียบพลัน Hyperglycemia, DKA",< 4%,<,4,0,319,0,ผ่าน,4
เดือน,2568,12,ก.ย. 2568,7,อัตราผู้ป่วย DM ที่ได้รับการตรวจ Lipid profile,> 70%,>,70,64,319,20.06,ไม่ผ่าน,-49.94
เดือน,2568,12,ก.ย. 2568,8,อัตราผู้ป่วย DM ที่มีระดับ LDL < 100 mg/dL,> 60%,>,60,24,319,7.52,ไม่ผ่าน,-52.48
เดือน,2568,12,ก.ย. 2568,9,อัตราของระดับความดันโลหิตในผู้ป่วย DM <= 130/80 mmHg,>= 60%,>=,60,81,319,25.39,ไม่ผ่าน,-34.61
เดือน,2568,12,ก.ย. 2568,10,อัตราผู้ป่วย DM อายุ 40 ปีขึ้นไปที่ได้รับยา Aspirin,> 70%,>,70,84,267,31.46,ไม่ผ่าน,-38.54
เดือน,2568,12,ก.ย. 2568,11,อัตราผู้ป่วย DM ที่ได้รับการตรวจ Microalbuminuria ประจำปี,> 80%,>,80,8,319,2.51,ไม่ผ่าน,-77.49
เดือน,2568,12,ก.ย. 2568,12,อัตราผู้ป่วย DM มี Microalbuminuria ที่ได้รักษาด้วยยา ACEI หรือ ARB,>= 60%,>=,60,3,5,60,ผ่าน,0
เดือน,2568,12,ก.ย. 2568,13,อัตราผู้ป่วย DM ที่ได้รับการตรวจจอประสาทตาประจำปี,> 70%,>,70,24,319,7.52,ไม่ผ่าน,-62.48
เดือน,2568,12,ก.ย. 2568,14,อัตราผู้ป่วย DM ที่ได้รับการตรวจสุขภาพช่องปากประจำปี,> 40%,>,40,20,319,6.27,ไม่ผ่าน,-33.73
เดือน,2568,12,ก.ย. 2568,15,อัตราผู้ป่วย DM ที่ได้รับการตรวจเท้าอย่างละเอียดประจำปี,> 80%,>,80,8,319,2.51,ไม่ผ่าน,-77.49
เดือน,2568,12,ก.ย. 2568,16,อัตราผู้ป่วยเบาหวานที่มี Diabetic retinopathy,< 15%,<,15,26,319,8.15,ผ่าน,6.85
เดือน,2568,12,ก.ย. 2568,17,อัตราผู้ป่วยเบาหวานที่มี Diabetic nephropathy,< 30%,<,30,13,319,4.08,ผ่าน,25.92
เดือน,2568,12,ก.ย. 2568,18,อัตราผู้ป่วยเบาหวานที่มีแผลที่เท้า,< 5%,<,5,2,319,0.63,ผ่าน,4.37
เดือน,2569,1,ต.ค. 2568,1,อัตราผู้ป่วย DM ที่ได้รับการตรวจ HbA1c,>= 70%,>=,70,228,276,82.61,ผ่าน,12.61
เดือน,2569,1,ต.ค. 2568,2,อัตราผู้ป่วยเบาหวานชนิดที่ 2 ที่มีระดับ HbA1c < 7%,> 40%,>,40,44,259,16.99,ไม่ผ่าน,-23.01
เดือน,2569,1,ต.ค. 2568,3,อัตราผู้ป่วยเบาหวานชนิดที่ 1 ที่มีระดับ HbA1c < 7%,> 40%,>,40,3,11,27.27,ไม่ผ่าน,-12.73
เดือน,2569,1,ต.ค. 2568,4,อัตราการรักษาในโรงพยาบาลเนื่องจากภาวะแทรกซ้อนเฉียบพลันจาก DM,< 4%,<,4,0,276,0,ผ่าน,4
เดือน,2569,1,ต.ค. 2568,5,อัตราการรักษาในโรงพยาบาลเนื่องจากภาวะแทรกซ้อนเฉียบพลัน Hypoglycemia,< 4%,<,4,0,276,0,ผ่าน,4
เดือน,2569,1,ต.ค. 2568,6,"อัตราการรักษาในโรงพยาบาลเนื่องจากภาวะแทรกซ้อนเฉียบพลัน Hyperglycemia, DKA",< 4%,<,4,0,276,0,ผ่าน,4
เดือน,2569,1,ต.ค. 2568,7,อัตราผู้ป่วย DM ที่ได้รับการตรวจ Lipid profile,> 70%,>,70,89,276,32.25,ไม่ผ่าน,-37.75
เดือน,2569,1,ต.ค. 2568,8,อัตราผู้ป่วย DM ที่มีระดับ LDL < 100 mg/dL,> 60%,>,60,59,276,21.38,ไม่ผ่าน,-38.62
เดือน,2569,1,ต.ค. 2568,9,อัตราของระดับความดันโลหิตในผู้ป่วย DM <= 130/80 mmHg,>= 60%,>=,60,53,276,19.2,ไม่ผ่าน,-40.8
เดือน,2569,1,ต.ค. 2568,10,อัตราผู้ป่วย DM อายุ 40 ปีขึ้นไปที่ได้รับยา Aspirin,> 70%,>,70,81,237,34.18,ไม่ผ่าน,-35.82
เดือน,2569,1,ต.ค. 2568,11,อัตราผู้ป่วย DM ที่ได้รับการตรวจ Microalbuminuria ประจำปี,> 80%,>,80,11,276,3.99,ไม่ผ่าน,-76.01
เดือน,2569,1,ต.ค. 2568,12,อัตราผู้ป่วย DM มี Microalbuminuria ที่ได้รักษาด้วยยา ACEI หรือ ARB,>= 60%,>=,60,1,2,50,ไม่ผ่าน,-10
เดือน,2569,1,ต.ค. 2568,13,อัตราผู้ป่วย DM ที่ได้รับการตรวจจอประสาทตาประจำปี,> 70%,>,70,26,276,9.42,ไม่ผ่าน,-60.58
เดือน,2569,1,ต.ค. 2568,14,อัตราผู้ป่วย DM ที่ได้รับการตรวจสุขภาพช่องปากประจำปี,> 40%,>,40,9,276,3.26,ไม่ผ่าน,-36.74
เดือน,2569,1,ต.ค. 2568,15,อัตราผู้ป่วย DM ที่ได้รับการตรวจเท้าอย่างละเอียดประจำปี,> 80%,>,80,4,276,1.45,ไม่ผ่าน,-78.55
เดือน,2569,1,ต.ค. 2568,16,อัตราผู้ป่วยเบาหวานที่มี Diabetic retinopathy,< 15%,<,15,17,276,6.16,ผ่าน,8.84
เดือน,2569,1,ต.ค. 2568,17,อัตราผู้ป่วยเบาหวานที่มี Diabetic nephropathy,< 30%,<,30,7,276,2.54,ผ่าน,27.46
เดือน,2569,1,ต.ค. 2568,18,อัตราผู้ป่วยเบาหวานที่มีแผลที่เท้า,< 5%,<,5,2,276,0.72,ผ่าน,4.28
เดือน,2569,2,พ.ย. 2568,1,อัตราผู้ป่วย DM ที่ได้รับการตรวจ HbA1c,>= 70%,>=,70,201,230,87.39,ผ่าน,17.39
เดือน,2569,2,พ.ย. 2568,2,อัตราผู้ป่วยเบาหวานชนิดที่ 2 ที่มีระดับ HbA1c < 7%,> 40%,>,40,37,208,17.79,ไม่ผ่าน,-22.21
เดือน,2569,2,พ.ย. 2568,3,อัตราผู้ป่วยเบาหวานชนิดที่ 1 ที่มีระดับ HbA1c < 7%,> 40%,>,40,4,16,25,ไม่ผ่าน,-15
เดือน,2569,2,พ.ย. 2568,4,อัตราการรักษาในโรงพยาบาลเนื่องจากภาวะแทรกซ้อนเฉียบพลันจาก DM,< 4%,<,4,0,230,0,ผ่าน,4
เดือน,2569,2,พ.ย. 2568,5,อัตราการรักษาในโรงพยาบาลเนื่องจากภาวะแทรกซ้อนเฉียบพลัน Hypoglycemia,< 4%,<,4,0,230,0,ผ่าน,4
เดือน,2569,2,พ.ย. 2568,6,"อัตราการรักษาในโรงพยาบาลเนื่องจากภาวะแทรกซ้อนเฉียบพลัน Hyperglycemia, DKA",< 4%,<,4,0,230,0,ผ่าน,4
เดือน,2569,2,พ.ย. 2568,7,อัตราผู้ป่วย DM ที่ได้รับการตรวจ Lipid profile,> 70%,>,70,79,230,34.35,ไม่ผ่าน,-35.65
เดือน,2569,2,พ.ย. 2568,8,อัตราผู้ป่วย DM ที่มีระดับ LDL < 100 mg/dL,> 60%,>,60,42,230,18.26,ไม่ผ่าน,-41.74
เดือน,2569,2,พ.ย. 2568,9,อัตราของระดับความดันโลหิตในผู้ป่วย DM <= 130/80 mmHg,>= 60%,>=,60,15,230,6.52,ไม่ผ่าน,-53.48
เดือน,2569,2,พ.ย. 2568,10,อัตราผู้ป่วย DM อายุ 40 ปีขึ้นไปที่ได้รับยา Aspirin,> 70%,>,70,80,197,40.61,ไม่ผ่าน,-29.39
เดือน,2569,2,พ.ย. 2568,11,อัตราผู้ป่วย DM ที่ได้รับการตรวจ Microalbuminuria ประจำปี,> 80%,>,80,17,230,7.39,ไม่ผ่าน,-72.61
เดือน,2569,2,พ.ย. 2568,12,อัตราผู้ป่วย DM มี Microalbuminuria ที่ได้รักษาด้วยยา ACEI หรือ ARB,>= 60%,>=,60,1,3,33.33,ไม่ผ่าน,-26.67
เดือน,2569,2,พ.ย. 2568,13,อัตราผู้ป่วย DM ที่ได้รับการตรวจจอประสาทตาประจำปี,> 70%,>,70,11,230,4.78,ไม่ผ่าน,-65.22
เดือน,2569,2,พ.ย. 2568,14,อัตราผู้ป่วย DM ที่ได้รับการตรวจสุขภาพช่องปากประจำปี,> 40%,>,40,12,230,5.22,ไม่ผ่าน,-34.78
เดือน,2569,2,พ.ย. 2568,15,อัตราผู้ป่วย DM ที่ได้รับการตรวจเท้าอย่างละเอียดประจำปี,> 80%,>,80,11,230,4.78,ไม่ผ่าน,-75.22
เดือน,2569,2,พ.ย. 2568,16,อัตราผู้ป่วยเบาหวานที่มี Diabetic retinopathy,< 15%,<,15,8,230,3.48,ผ่าน,11.52
เดือน,2569,2,พ.ย. 2568,17,อัตราผู้ป่วยเบาหวานที่มี Diabetic nephropathy,< 30%,<,30,21,230,9.13,ผ่าน,20.87
เดือน,2569,2,พ.ย. 2568,18,อัตราผู้ป่วยเบาหวานที่มีแผลที่เท้า,< 5%,<,5,1,230,0.43,ผ่าน,4.57
เดือน,2569,3,ธ.ค. 2568,1,อัตราผู้ป่วย DM ที่ได้รับการตรวจ HbA1c,>= 70%,>=,70,212,254,83.46,ผ่าน,13.46
เดือน,2569,3,ธ.ค. 2568,2,อัตราผู้ป่วยเบาหวานชนิดที่ 2 ที่มีระดับ HbA1c < 7%,> 40%,>,40,44,225,19.56,ไม่ผ่าน,-20.44
เดือน,2569,3,ธ.ค. 2568,3,อัตราผู้ป่วยเบาหวานชนิดที่ 1 ที่มีระดับ HbA1c < 7%,> 40%,>,40,1,18,5.56,ไม่ผ่าน,-34.44
เดือน,2569,3,ธ.ค. 2568,4,อัตราการรักษาในโรงพยาบาลเนื่องจากภาวะแทรกซ้อนเฉียบพลันจาก DM,< 4%,<,4,0,254,0,ผ่าน,4
เดือน,2569,3,ธ.ค. 2568,5,อัตราการรักษาในโรงพยาบาลเนื่องจากภาวะแทรกซ้อนเฉียบพลัน Hypoglycemia,< 4%,<,4,0,254,0,ผ่าน,4
เดือน,2569,3,ธ.ค. 2568,6,"อัตราการรักษาในโรงพยาบาลเนื่องจากภาวะแทรกซ้อนเฉียบพลัน Hyperglycemia, DKA",< 4%,<,4,0,254,0,ผ่าน,4
เดือน,2569,3,ธ.ค. 2568,7,อัตราผู้ป่วย DM ที่ได้รับการตรวจ Lipid profile,> 70%,>,70,139,254,54.72,ไม่ผ่าน,-15.28
เดือน,2569,3,ธ.ค. 2568,8,อัตราผู้ป่วย DM ที่มีระดับ LDL < 100 mg/dL,> 60%,>,60,78,254,30.71,ไม่ผ่าน,-29.29
เดือน,2569,3,ธ.ค. 2568,9,อัตราของระดับความดันโลหิตในผู้ป่วย DM <= 130/80 mmHg,>= 60%,>=,60,43,254,16.93,ไม่ผ่าน,-43.07
เดือน,2569,3,ธ.ค. 2568,10,อัตราผู้ป่วย DM อายุ 40 ปีขึ้นไปที่ได้รับยา Aspirin,> 70%,>,70,59,219,26.94,ไม่ผ่าน,-43.06
เดือน,2569,3,ธ.ค. 2568,11,อัตราผู้ป่วย DM ที่ได้รับการตรวจ Microalbuminuria ประจำปี,> 80%,>,80,8,254,3.15,ไม่ผ่าน,-76.85
เดือน,2569,3,ธ.ค. 2568,12,อัตราผู้ป่วย DM มี Microalbuminuria ที่ได้รักษาด้วยยา ACEI หรือ ARB,>= 60%,>=,60,3,4,75,ผ่าน,15
เดือน,2569,3,ธ.ค. 2568,13,อัตราผู้ป่วย DM ที่ได้รับการตรวจจอประสาทตาประจำปี,> 70%,>,70,16,254,6.3,ไม่ผ่าน,-63.7
เดือน,2569,3,ธ.ค. 2568,14,อัตราผู้ป่วย DM ที่ได้รับการตรวจสุขภาพช่องปากประจำปี,> 40%,>,40,9,254,3.54,ไม่ผ่าน,-36.46
เดือน,2569,3,ธ.ค. 2568,15,อัตราผู้ป่วย DM ที่ได้รับการตรวจเท้าอย่างละเอียดประจำปี,> 80%,>,80,59,254,23.23,ไม่ผ่าน,-56.77
เดือน,2569,3,ธ.ค. 2568,16,อัตราผู้ป่วยเบาหวานที่มี Diabetic retinopathy,< 15%,<,15,12,254,4.72,ผ่าน,10.28
เดือน,2569,3,ธ.ค. 2568,17,อัตราผู้ป่วยเบาหวานที่มี Diabetic nephropathy,< 30%,<,30,8,254,3.15,ผ่าน,26.85
เดือน,2569,3,ธ.ค. 2568,18,อัตราผู้ป่วยเบาหวานที่มีแผลที่เท้า,< 5%,<,5,0,254,0,ผ่าน,5
เดือน,2569,4,ม.ค. 2569,1,อัตราผู้ป่วย DM ที่ได้รับการตรวจ HbA1c,>= 70%,>=,70,248,300,82.67,ผ่าน,12.67
เดือน,2569,4,ม.ค. 2569,2,อัตราผู้ป่วยเบาหวานชนิดที่ 2 ที่มีระดับ HbA1c < 7%,> 40%,>,40,52,271,19.19,ไม่ผ่าน,-20.81
เดือน,2569,4,ม.ค. 2569,3,อัตราผู้ป่วยเบาหวานชนิดที่ 1 ที่มีระดับ HbA1c < 7%,> 40%,>,40,1,15,6.67,ไม่ผ่าน,-33.33
เดือน,2569,4,ม.ค. 2569,4,อัตราการรักษาในโรงพยาบาลเนื่องจากภาวะแทรกซ้อนเฉียบพลันจาก DM,< 4%,<,4,0,300,0,ผ่าน,4
เดือน,2569,4,ม.ค. 2569,5,อัตราการรักษาในโรงพยาบาลเนื่องจากภาวะแทรกซ้อนเฉียบพลัน Hypoglycemia,< 4%,<,4,0,300,0,ผ่าน,4
เดือน,2569,4,ม.ค. 2569,6,"อัตราการรักษาในโรงพยาบาลเนื่องจากภาวะแทรกซ้อนเฉียบพลัน Hyperglycemia, DKA",< 4%,<,4,0,300,0,ผ่าน,4
เดือน,2569,4,ม.ค. 2569,7,อัตราผู้ป่วย DM ที่ได้รับการตรวจ Lipid profile,> 70%,>,70,108,300,36,ไม่ผ่าน,-34
เดือน,2569,4,ม.ค. 2569,8,อัตราผู้ป่วย DM ที่มีระดับ LDL < 100 mg/dL,> 60%,>,60,58,300,19.33,ไม่ผ่าน,-40.67
เดือน,2569,4,ม.ค. 2569,9,อัตราของระดับความดันโลหิตในผู้ป่วย DM <= 130/80 mmHg,>= 60%,>=,60,51,300,17,ไม่ผ่าน,-43
เดือน,2569,4,ม.ค. 2569,10,อัตราผู้ป่วย DM อายุ 40 ปีขึ้นไปที่ได้รับยา Aspirin,> 70%,>,70,81,251,32.27,ไม่ผ่าน,-37.73
เดือน,2569,4,ม.ค. 2569,11,อัตราผู้ป่วย DM ที่ได้รับการตรวจ Microalbuminuria ประจำปี,> 80%,>,80,14,300,4.67,ไม่ผ่าน,-75.33
เดือน,2569,4,ม.ค. 2569,12,อัตราผู้ป่วย DM มี Microalbuminuria ที่ได้รักษาด้วยยา ACEI หรือ ARB,>= 60%,>=,60,4,6,66.67,ผ่าน,6.67
เดือน,2569,4,ม.ค. 2569,13,อัตราผู้ป่วย DM ที่ได้รับการตรวจจอประสาทตาประจำปี,> 70%,>,70,26,300,8.67,ไม่ผ่าน,-61.33
เดือน,2569,4,ม.ค. 2569,14,อัตราผู้ป่วย DM ที่ได้รับการตรวจสุขภาพช่องปากประจำปี,> 40%,>,40,19,300,6.33,ไม่ผ่าน,-33.67
เดือน,2569,4,ม.ค. 2569,15,อัตราผู้ป่วย DM ที่ได้รับการตรวจเท้าอย่างละเอียดประจำปี,> 80%,>,80,78,300,26,ไม่ผ่าน,-54
เดือน,2569,4,ม.ค. 2569,16,อัตราผู้ป่วยเบาหวานที่มี Diabetic retinopathy,< 15%,<,15,23,300,7.67,ผ่าน,7.33
เดือน,2569,4,ม.ค. 2569,17,อัตราผู้ป่วยเบาหวานที่มี Diabetic nephropathy,< 30%,<,30,9,300,3,ผ่าน,27
เดือน,2569,4,ม.ค. 2569,18,อัตราผู้ป่วยเบาหวานที่มีแผลที่เท้า,< 5%,<,5,0,300,0,ผ่าน,5
เดือน,2569,5,ก.พ. 2569,1,อัตราผู้ป่วย DM ที่ได้รับการตรวจ HbA1c,>= 70%,>=,70,139,322,43.17,ไม่ผ่าน,-26.83
เดือน,2569,5,ก.พ. 2569,2,อัตราผู้ป่วยเบาหวานชนิดที่ 2 ที่มีระดับ HbA1c < 7%,> 40%,>,40,30,289,10.38,ไม่ผ่าน,-29.62
เดือน,2569,5,ก.พ. 2569,3,อัตราผู้ป่วยเบาหวานชนิดที่ 1 ที่มีระดับ HbA1c < 7%,> 40%,>,40,4,24,16.67,ไม่ผ่าน,-23.33
เดือน,2569,5,ก.พ. 2569,4,อัตราการรักษาในโรงพยาบาลเนื่องจากภาวะแทรกซ้อนเฉียบพลันจาก DM,< 4%,<,4,0,322,0,ผ่าน,4
เดือน,2569,5,ก.พ. 2569,5,อัตราการรักษาในโรงพยาบาลเนื่องจากภาวะแทรกซ้อนเฉียบพลัน Hypoglycemia,< 4%,<,4,0,322,0,ผ่าน,4
เดือน,2569,5,ก.พ. 2569,6,"อัตราการรักษาในโรงพยาบาลเนื่องจากภาวะแทรกซ้อนเฉียบพลัน Hyperglycemia, DKA",< 4%,<,4,0,322,0,ผ่าน,4
เดือน,2569,5,ก.พ. 2569,7,อัตราผู้ป่วย DM ที่ได้รับการตรวจ Lipid profile,> 70%,>,70,69,322,21.43,ไม่ผ่าน,-48.57
เดือน,2569,5,ก.พ. 2569,8,อัตราผู้ป่วย DM ที่มีระดับ LDL < 100 mg/dL,> 60%,>,60,42,322,13.04,ไม่ผ่าน,-46.96
เดือน,2569,5,ก.พ. 2569,9,อัตราของระดับความดันโลหิตในผู้ป่วย DM <= 130/80 mmHg,>= 60%,>=,60,78,322,24.22,ไม่ผ่าน,-35.78
เดือน,2569,5,ก.พ. 2569,10,อัตราผู้ป่วย DM อายุ 40 ปีขึ้นไปที่ได้รับยา Aspirin,> 70%,>,70,93,274,33.94,ไม่ผ่าน,-36.06
เดือน,2569,5,ก.พ. 2569,11,อัตราผู้ป่วย DM ที่ได้รับการตรวจ Microalbuminuria ประจำปี,> 80%,>,80,23,322,7.14,ไม่ผ่าน,-72.86
เดือน,2569,5,ก.พ. 2569,12,อัตราผู้ป่วย DM มี Microalbuminuria ที่ได้รักษาด้วยยา ACEI หรือ ARB,>= 60%,>=,60,3,6,50,ไม่ผ่าน,-10
เดือน,2569,5,ก.พ. 2569,13,อัตราผู้ป่วย DM ที่ได้รับการตรวจจอประสาทตาประจำปี,> 70%,>,70,30,322,9.32,ไม่ผ่าน,-60.68
เดือน,2569,5,ก.พ. 2569,14,อัตราผู้ป่วย DM ที่ได้รับการตรวจสุขภาพช่องปากประจำปี,> 40%,>,40,20,322,6.21,ไม่ผ่าน,-33.79
เดือน,2569,5,ก.พ. 2569,15,อัตราผู้ป่วย DM ที่ได้รับการตรวจเท้าอย่างละเอียดประจำปี,> 80%,>,80,99,322,30.75,ไม่ผ่าน,-49.25
เดือน,2569,5,ก.พ. 2569,16,อัตราผู้ป่วยเบาหวานที่มี Diabetic retinopathy,< 15%,<,15,16,322,4.97,ผ่าน,10.03
เดือน,2569,5,ก.พ. 2569,17,อัตราผู้ป่วยเบาหวานที่มี Diabetic nephropathy,< 30%,<,30,18,322,5.59,ผ่าน,24.41
เดือน,2569,5,ก.พ. 2569,18,อัตราผู้ป่วยเบาหวานที่มีแผลที่เท้า,< 5%,<,5,1,322,0.31,ผ่าน,4.69
เดือน,2569,6,มี.ค. 2569,1,อัตราผู้ป่วย DM ที่ได้รับการตรวจ HbA1c,>= 70%,>=,70,117,275,42.55,ไม่ผ่าน,-27.45
เดือน,2569,6,มี.ค. 2569,2,อัตราผู้ป่วยเบาหวานชนิดที่ 2 ที่มีระดับ HbA1c < 7%,> 40%,>,40,25,244,10.25,ไม่ผ่าน,-29.75
เดือน,2569,6,มี.ค. 2569,3,อัตราผู้ป่วยเบาหวานชนิดที่ 1 ที่มีระดับ HbA1c < 7%,> 40%,>,40,0,23,0,ไม่ผ่าน,-40
เดือน,2569,6,มี.ค. 2569,4,อัตราการรักษาในโรงพยาบาลเนื่องจากภาวะแทรกซ้อนเฉียบพลันจาก DM,< 4%,<,4,0,275,0,ผ่าน,4
เดือน,2569,6,มี.ค. 2569,5,อัตราการรักษาในโรงพยาบาลเนื่องจากภาวะแทรกซ้อนเฉียบพลัน Hypoglycemia,< 4%,<,4,0,275,0,ผ่าน,4
เดือน,2569,6,มี.ค. 2569,6,"อัตราการรักษาในโรงพยาบาลเนื่องจากภาวะแทรกซ้อนเฉียบพลัน Hyperglycemia, DKA",< 4%,<,4,0,275,0,ผ่าน,4
เดือน,2569,6,มี.ค. 2569,7,อัตราผู้ป่วย DM ที่ได้รับการตรวจ Lipid profile,> 70%,>,70,49,275,17.82,ไม่ผ่าน,-52.18
เดือน,2569,6,มี.ค. 2569,8,อัตราผู้ป่วย DM ที่มีระดับ LDL < 100 mg/dL,> 60%,>,60,27,275,9.82,ไม่ผ่าน,-50.18
เดือน,2569,6,มี.ค. 2569,9,อัตราของระดับความดันโลหิตในผู้ป่วย DM <= 130/80 mmHg,>= 60%,>=,60,42,275,15.27,ไม่ผ่าน,-44.73
เดือน,2569,6,มี.ค. 2569,10,อัตราผู้ป่วย DM อายุ 40 ปีขึ้นไปที่ได้รับยา Aspirin,> 70%,>,70,76,236,32.2,ไม่ผ่าน,-37.8
เดือน,2569,6,มี.ค. 2569,11,อัตราผู้ป่วย DM ที่ได้รับการตรวจ Microalbuminuria ประจำปี,> 80%,>,80,10,275,3.64,ไม่ผ่าน,-76.36
เดือน,2569,6,มี.ค. 2569,12,อัตราผู้ป่วย DM มี Microalbuminuria ที่ได้รักษาด้วยยา ACEI หรือ ARB,>= 60%,>=,60,1,2,50,ไม่ผ่าน,-10
เดือน,2569,6,มี.ค. 2569,13,อัตราผู้ป่วย DM ที่ได้รับการตรวจจอประสาทตาประจำปี,> 70%,>,70,19,275,6.91,ไม่ผ่าน,-63.09
เดือน,2569,6,มี.ค. 2569,14,อัตราผู้ป่วย DM ที่ได้รับการตรวจสุขภาพช่องปากประจำปี,> 40%,>,40,11,275,4,ไม่ผ่าน,-36
เดือน,2569,6,มี.ค. 2569,15,อัตราผู้ป่วย DM ที่ได้รับการตรวจเท้าอย่างละเอียดประจำปี,> 80%,>,80,28,275,10.18,ไม่ผ่าน,-69.82
เดือน,2569,6,มี.ค. 2569,16,อัตราผู้ป่วยเบาหวานที่มี Diabetic retinopathy,< 15%,<,15,17,275,6.18,ผ่าน,8.82
เดือน,2569,6,มี.ค. 2569,17,อัตราผู้ป่วยเบาหวานที่มี Diabetic nephropathy,< 30%,<,30,17,275,6.18,ผ่าน,23.82
เดือน,2569,6,มี.ค. 2569,18,อัตราผู้ป่วยเบาหวานที่มีแผลที่เท้า,< 5%,<,5,0,275,0,ผ่าน,5
เดือน,2569,7,เม.ย. 2569,1,อัตราผู้ป่วย DM ที่ได้รับการตรวจ HbA1c,>= 70%,>=,70,85,187,45.45,ไม่ผ่าน,-24.55
เดือน,2569,7,เม.ย. 2569,2,อัตราผู้ป่วยเบาหวานชนิดที่ 2 ที่มีระดับ HbA1c < 7%,> 40%,>,40,17,163,10.43,ไม่ผ่าน,-29.57
เดือน,2569,7,เม.ย. 2569,3,อัตราผู้ป่วยเบาหวานชนิดที่ 1 ที่มีระดับ HbA1c < 7%,> 40%,>,40,3,16,18.75,ไม่ผ่าน,-21.25
เดือน,2569,7,เม.ย. 2569,4,อัตราการรักษาในโรงพยาบาลเนื่องจากภาวะแทรกซ้อนเฉียบพลันจาก DM,< 4%,<,4,0,187,0,ผ่าน,4
เดือน,2569,7,เม.ย. 2569,5,อัตราการรักษาในโรงพยาบาลเนื่องจากภาวะแทรกซ้อนเฉียบพลัน Hypoglycemia,< 4%,<,4,0,187,0,ผ่าน,4
เดือน,2569,7,เม.ย. 2569,6,"อัตราการรักษาในโรงพยาบาลเนื่องจากภาวะแทรกซ้อนเฉียบพลัน Hyperglycemia, DKA",< 4%,<,4,0,187,0,ผ่าน,4
เดือน,2569,7,เม.ย. 2569,7,อัตราผู้ป่วย DM ที่ได้รับการตรวจ Lipid profile,> 70%,>,70,29,187,15.51,ไม่ผ่าน,-54.49
เดือน,2569,7,เม.ย. 2569,8,อัตราผู้ป่วย DM ที่มีระดับ LDL < 100 mg/dL,> 60%,>,60,19,187,10.16,ไม่ผ่าน,-49.84
เดือน,2569,7,เม.ย. 2569,9,อัตราของระดับความดันโลหิตในผู้ป่วย DM <= 130/80 mmHg,>= 60%,>=,60,13,187,6.95,ไม่ผ่าน,-53.05
เดือน,2569,7,เม.ย. 2569,10,อัตราผู้ป่วย DM อายุ 40 ปีขึ้นไปที่ได้รับยา Aspirin,> 70%,>,70,43,155,27.74,ไม่ผ่าน,-42.26
เดือน,2569,7,เม.ย. 2569,11,อัตราผู้ป่วย DM ที่ได้รับการตรวจ Microalbuminuria ประจำปี,> 80%,>,80,2,187,1.07,ไม่ผ่าน,-78.93
เดือน,2569,7,เม.ย. 2569,12,อัตราผู้ป่วย DM มี Microalbuminuria ที่ได้รักษาด้วยยา ACEI หรือ ARB,>= 60%,>=,60,0,0,,ไม่มีข้อมูล,
เดือน,2569,7,เม.ย. 2569,13,อัตราผู้ป่วย DM ที่ได้รับการตรวจจอประสาทตาประจำปี,> 70%,>,70,15,187,8.02,ไม่ผ่าน,-61.98
เดือน,2569,7,เม.ย. 2569,14,อัตราผู้ป่วย DM ที่ได้รับการตรวจสุขภาพช่องปากประจำปี,> 40%,>,40,15,187,8.02,ไม่ผ่าน,-31.98
เดือน,2569,7,เม.ย. 2569,15,อัตราผู้ป่วย DM ที่ได้รับการตรวจเท้าอย่างละเอียดประจำปี,> 80%,>,80,37,187,19.79,ไม่ผ่าน,-60.21
เดือน,2569,7,เม.ย. 2569,16,อัตราผู้ป่วยเบาหวานที่มี Diabetic retinopathy,< 15%,<,15,15,187,8.02,ผ่าน,6.98
เดือน,2569,7,เม.ย. 2569,17,อัตราผู้ป่วยเบาหวานที่มี Diabetic nephropathy,< 30%,<,30,12,187,6.42,ผ่าน,23.58
เดือน,2569,7,เม.ย. 2569,18,อัตราผู้ป่วยเบาหวานที่มีแผลที่เท้า,< 5%,<,5,0,187,0,ผ่าน,5
เดือน,2569,8,พ.ค. 2569,1,อัตราผู้ป่วย DM ที่ได้รับการตรวจ HbA1c,>= 70%,>=,70,218,360,60.56,ไม่ผ่าน,-9.44
เดือน,2569,8,พ.ค. 2569,2,อัตราผู้ป่วยเบาหวานชนิดที่ 2 ที่มีระดับ HbA1c < 7%,> 40%,>,40,28,326,8.59,ไม่ผ่าน,-31.41
เดือน,2569,8,พ.ค. 2569,3,อัตราผู้ป่วยเบาหวานชนิดที่ 1 ที่มีระดับ HbA1c < 7%,> 40%,>,40,1,17,5.88,ไม่ผ่าน,-34.12
เดือน,2569,8,พ.ค. 2569,4,อัตราการรักษาในโรงพยาบาลเนื่องจากภาวะแทรกซ้อนเฉียบพลันจาก DM,< 4%,<,4,0,360,0,ผ่าน,4
เดือน,2569,8,พ.ค. 2569,5,อัตราการรักษาในโรงพยาบาลเนื่องจากภาวะแทรกซ้อนเฉียบพลัน Hypoglycemia,< 4%,<,4,0,360,0,ผ่าน,4
เดือน,2569,8,พ.ค. 2569,6,"อัตราการรักษาในโรงพยาบาลเนื่องจากภาวะแทรกซ้อนเฉียบพลัน Hyperglycemia, DKA",< 4%,<,4,0,360,0,ผ่าน,4
เดือน,2569,8,พ.ค. 2569,7,อัตราผู้ป่วย DM ที่ได้รับการตรวจ Lipid profile,> 70%,>,70,40,360,11.11,ไม่ผ่าน,-58.89
เดือน,2569,8,พ.ค. 2569,8,อัตราผู้ป่วย DM ที่มีระดับ LDL < 100 mg/dL,> 60%,>,60,19,360,5.28,ไม่ผ่าน,-54.72
เดือน,2569,8,พ.ค. 2569,9,อัตราของระดับความดันโลหิตในผู้ป่วย DM <= 130/80 mmHg,>= 60%,>=,60,0,360,0,ไม่ผ่าน,-60
เดือน,2569,8,พ.ค. 2569,10,อัตราผู้ป่วย DM อายุ 40 ปีขึ้นไปที่ได้รับยา Aspirin,> 70%,>,70,108,317,34.07,ไม่ผ่าน,-35.93
เดือน,2569,8,พ.ค. 2569,11,อัตราผู้ป่วย DM ที่ได้รับการตรวจ Microalbuminuria ประจำปี,> 80%,>,80,4,360,1.11,ไม่ผ่าน,-78.89
เดือน,2569,8,พ.ค. 2569,12,อัตราผู้ป่วย DM มี Microalbuminuria ที่ได้รักษาด้วยยา ACEI หรือ ARB,>= 60%,>=,60,0,2,0,ไม่ผ่าน,-60
เดือน,2569,8,พ.ค. 2569,13,อัตราผู้ป่วย DM ที่ได้รับการตรวจจอประสาทตาประจำปี,> 70%,>,70,32,360,8.89,ไม่ผ่าน,-61.11
เดือน,2569,8,พ.ค. 2569,14,อัตราผู้ป่วย DM ที่ได้รับการตรวจสุขภาพช่องปากประจำปี,> 40%,>,40,14,360,3.89,ไม่ผ่าน,-36.11
เดือน,2569,8,พ.ค. 2569,15,อัตราผู้ป่วย DM ที่ได้รับการตรวจเท้าอย่างละเอียดประจำปี,> 80%,>,80,82,360,22.78,ไม่ผ่าน,-57.22
เดือน,2569,8,พ.ค. 2569,16,อัตราผู้ป่วยเบาหวานที่มี Diabetic retinopathy,< 15%,<,15,14,360,3.89,ผ่าน,11.11
เดือน,2569,8,พ.ค. 2569,17,อัตราผู้ป่วยเบาหวานที่มี Diabetic nephropathy,< 30%,<,30,21,360,5.83,ผ่าน,24.17
เดือน,2569,8,พ.ค. 2569,18,อัตราผู้ป่วยเบาหวานที่มีแผลที่เท้า,< 5%,<,5,0,360,0,ผ่าน,5
เดือน,2569,9,มิ.ย. 2569,1,อัตราผู้ป่วย DM ที่ได้รับการตรวจ HbA1c,>= 70%,>=,70,149,246,60.57,ไม่ผ่าน,-9.43
เดือน,2569,9,มิ.ย. 2569,2,อัตราผู้ป่วยเบาหวานชนิดที่ 2 ที่มีระดับ HbA1c < 7%,> 40%,>,40,36,212,16.98,ไม่ผ่าน,-23.02
เดือน,2569,9,มิ.ย. 2569,3,อัตราผู้ป่วยเบาหวานชนิดที่ 1 ที่มีระดับ HbA1c < 7%,> 40%,>,40,2,21,9.52,ไม่ผ่าน,-30.48
เดือน,2569,9,มิ.ย. 2569,4,อัตราการรักษาในโรงพยาบาลเนื่องจากภาวะแทรกซ้อนเฉียบพลันจาก DM,< 4%,<,4,0,246,0,ผ่าน,4
เดือน,2569,9,มิ.ย. 2569,5,อัตราการรักษาในโรงพยาบาลเนื่องจากภาวะแทรกซ้อนเฉียบพลัน Hypoglycemia,< 4%,<,4,0,246,0,ผ่าน,4
เดือน,2569,9,มิ.ย. 2569,6,"อัตราการรักษาในโรงพยาบาลเนื่องจากภาวะแทรกซ้อนเฉียบพลัน Hyperglycemia, DKA",< 4%,<,4,0,246,0,ผ่าน,4
เดือน,2569,9,มิ.ย. 2569,7,อัตราผู้ป่วย DM ที่ได้รับการตรวจ Lipid profile,> 70%,>,70,45,246,18.29,ไม่ผ่าน,-51.71
เดือน,2569,9,มิ.ย. 2569,8,อัตราผู้ป่วย DM ที่มีระดับ LDL < 100 mg/dL,> 60%,>,60,25,246,10.16,ไม่ผ่าน,-49.84
เดือน,2569,9,มิ.ย. 2569,9,อัตราของระดับความดันโลหิตในผู้ป่วย DM <= 130/80 mmHg,>= 60%,>=,60,0,246,0,ไม่ผ่าน,-60
เดือน,2569,9,มิ.ย. 2569,10,อัตราผู้ป่วย DM อายุ 40 ปีขึ้นไปที่ได้รับยา Aspirin,> 70%,>,70,50,193,25.91,ไม่ผ่าน,-44.09
เดือน,2569,9,มิ.ย. 2569,11,อัตราผู้ป่วย DM ที่ได้รับการตรวจ Microalbuminuria ประจำปี,> 80%,>,80,2,246,0.81,ไม่ผ่าน,-79.19
เดือน,2569,9,มิ.ย. 2569,12,อัตราผู้ป่วย DM มี Microalbuminuria ที่ได้รักษาด้วยยา ACEI หรือ ARB,>= 60%,>=,60,0,0,,ไม่มีข้อมูล,
เดือน,2569,9,มิ.ย. 2569,13,อัตราผู้ป่วย DM ที่ได้รับการตรวจจอประสาทตาประจำปี,> 70%,>,70,23,246,9.35,ไม่ผ่าน,-60.65
เดือน,2569,9,มิ.ย. 2569,14,อัตราผู้ป่วย DM ที่ได้รับการตรวจสุขภาพช่องปากประจำปี,> 40%,>,40,19,246,7.72,ไม่ผ่าน,-32.28
เดือน,2569,9,มิ.ย. 2569,15,อัตราผู้ป่วย DM ที่ได้รับการตรวจเท้าอย่างละเอียดประจำปี,> 80%,>,80,82,246,33.33,ไม่ผ่าน,-46.67
เดือน,2569,9,มิ.ย. 2569,16,อัตราผู้ป่วยเบาหวานที่มี Diabetic retinopathy,< 15%,<,15,23,246,9.35,ผ่าน,5.65
เดือน,2569,9,มิ.ย. 2569,17,อัตราผู้ป่วยเบาหวานที่มี Diabetic nephropathy,< 30%,<,30,13,246,5.28,ผ่าน,24.72
เดือน,2569,9,มิ.ย. 2569,18,อัตราผู้ป่วยเบาหวานที่มีแผลที่เท้า,< 5%,<,5,1,246,0.41,ผ่าน,4.59
เดือน,2569,10,ก.ค. 2569,1,อัตราผู้ป่วย DM ที่ได้รับการตรวจ HbA1c,>= 70%,>=,70,72,118,61.02,ไม่ผ่าน,-8.98
เดือน,2569,10,ก.ค. 2569,2,อัตราผู้ป่วยเบาหวานชนิดที่ 2 ที่มีระดับ HbA1c < 7%,> 40%,>,40,21,108,19.44,ไม่ผ่าน,-20.56
เดือน,2569,10,ก.ค. 2569,3,อัตราผู้ป่วยเบาหวานชนิดที่ 1 ที่มีระดับ HbA1c < 7%,> 40%,>,40,1,5,20,ไม่ผ่าน,-20
เดือน,2569,10,ก.ค. 2569,4,อัตราการรักษาในโรงพยาบาลเนื่องจากภาวะแทรกซ้อนเฉียบพลันจาก DM,< 4%,<,4,0,118,0,ผ่าน,4
เดือน,2569,10,ก.ค. 2569,5,อัตราการรักษาในโรงพยาบาลเนื่องจากภาวะแทรกซ้อนเฉียบพลัน Hypoglycemia,< 4%,<,4,0,118,0,ผ่าน,4
เดือน,2569,10,ก.ค. 2569,6,"อัตราการรักษาในโรงพยาบาลเนื่องจากภาวะแทรกซ้อนเฉียบพลัน Hyperglycemia, DKA",< 4%,<,4,0,118,0,ผ่าน,4
เดือน,2569,10,ก.ค. 2569,7,อัตราผู้ป่วย DM ที่ได้รับการตรวจ Lipid profile,> 70%,>,70,19,118,16.1,ไม่ผ่าน,-53.9
เดือน,2569,10,ก.ค. 2569,8,อัตราผู้ป่วย DM ที่มีระดับ LDL < 100 mg/dL,> 60%,>,60,13,118,11.02,ไม่ผ่าน,-48.98
เดือน,2569,10,ก.ค. 2569,9,อัตราของระดับความดันโลหิตในผู้ป่วย DM <= 130/80 mmHg,>= 60%,>=,60,0,118,0,ไม่ผ่าน,-60
เดือน,2569,10,ก.ค. 2569,10,อัตราผู้ป่วย DM อายุ 40 ปีขึ้นไปที่ได้รับยา Aspirin,> 70%,>,70,33,103,32.04,ไม่ผ่าน,-37.96
เดือน,2569,10,ก.ค. 2569,11,อัตราผู้ป่วย DM ที่ได้รับการตรวจ Microalbuminuria ประจำปี,> 80%,>,80,1,118,0.85,ไม่ผ่าน,-79.15
เดือน,2569,10,ก.ค. 2569,12,อัตราผู้ป่วย DM มี Microalbuminuria ที่ได้รักษาด้วยยา ACEI หรือ ARB,>= 60%,>=,60,0,1,0,ไม่ผ่าน,-60
เดือน,2569,10,ก.ค. 2569,13,อัตราผู้ป่วย DM ที่ได้รับการตรวจจอประสาทตาประจำปี,> 70%,>,70,7,118,5.93,ไม่ผ่าน,-64.07
เดือน,2569,10,ก.ค. 2569,14,อัตราผู้ป่วย DM ที่ได้รับการตรวจสุขภาพช่องปากประจำปี,> 40%,>,40,6,118,5.08,ไม่ผ่าน,-34.92
เดือน,2569,10,ก.ค. 2569,15,อัตราผู้ป่วย DM ที่ได้รับการตรวจเท้าอย่างละเอียดประจำปี,> 80%,>,80,45,118,38.14,ไม่ผ่าน,-41.86
เดือน,2569,10,ก.ค. 2569,16,อัตราผู้ป่วยเบาหวานที่มี Diabetic retinopathy,< 15%,<,15,12,118,10.17,ผ่าน,4.83
เดือน,2569,10,ก.ค. 2569,17,อัตราผู้ป่วยเบาหวานที่มี Diabetic nephropathy,< 30%,<,30,5,118,4.24,ผ่าน,25.76
เดือน,2569,10,ก.ค. 2569,18,อัตราผู้ป่วยเบาหวานที่มีแผลที่เท้า,< 5%,<,5,0,118,0,ผ่าน,5
เดือน,2569,11,ส.ค. 2569,1,อัตราผู้ป่วย DM ที่ได้รับการตรวจ HbA1c,>= 70%,>=,70,0,0,,ไม่มีข้อมูล,
เดือน,2569,11,ส.ค. 2569,2,อัตราผู้ป่วยเบาหวานชนิดที่ 2 ที่มีระดับ HbA1c < 7%,> 40%,>,40,0,0,,ไม่มีข้อมูล,
เดือน,2569,11,ส.ค. 2569,3,อัตราผู้ป่วยเบาหวานชนิดที่ 1 ที่มีระดับ HbA1c < 7%,> 40%,>,40,0,0,,ไม่มีข้อมูล,
เดือน,2569,11,ส.ค. 2569,4,อัตราการรักษาในโรงพยาบาลเนื่องจากภาวะแทรกซ้อนเฉียบพลันจาก DM,< 4%,<,4,0,0,,ไม่มีข้อมูล,
เดือน,2569,11,ส.ค. 2569,5,อัตราการรักษาในโรงพยาบาลเนื่องจากภาวะแทรกซ้อนเฉียบพลัน Hypoglycemia,< 4%,<,4,0,0,,ไม่มีข้อมูล,
เดือน,2569,11,ส.ค. 2569,6,"อัตราการรักษาในโรงพยาบาลเนื่องจากภาวะแทรกซ้อนเฉียบพลัน Hyperglycemia, DKA",< 4%,<,4,0,0,,ไม่มีข้อมูล,
เดือน,2569,11,ส.ค. 2569,7,อัตราผู้ป่วย DM ที่ได้รับการตรวจ Lipid profile,> 70%,>,70,0,0,,ไม่มีข้อมูล,
เดือน,2569,11,ส.ค. 2569,8,อัตราผู้ป่วย DM ที่มีระดับ LDL < 100 mg/dL,> 60%,>,60,0,0,,ไม่มีข้อมูล,
เดือน,2569,11,ส.ค. 2569,9,อัตราของระดับความดันโลหิตในผู้ป่วย DM <= 130/80 mmHg,>= 60%,>=,60,0,0,,ไม่มีข้อมูล,
เดือน,2569,11,ส.ค. 2569,10,อัตราผู้ป่วย DM อายุ 40 ปีขึ้นไปที่ได้รับยา Aspirin,> 70%,>,70,0,0,,ไม่มีข้อมูล,
เดือน,2569,11,ส.ค. 2569,11,อัตราผู้ป่วย DM ที่ได้รับการตรวจ Microalbuminuria ประจำปี,> 80%,>,80,0,0,,ไม่มีข้อมูล,
เดือน,2569,11,ส.ค. 2569,12,อัตราผู้ป่วย DM มี Microalbuminuria ที่ได้รักษาด้วยยา ACEI หรือ ARB,>= 60%,>=,60,0,0,,ไม่มีข้อมูล,
เดือน,2569,11,ส.ค. 2569,13,อัตราผู้ป่วย DM ที่ได้รับการตรวจจอประสาทตาประจำปี,> 70%,>,70,0,0,,ไม่มีข้อมูล,
เดือน,2569,11,ส.ค. 2569,14,อัตราผู้ป่วย DM ที่ได้รับการตรวจสุขภาพช่องปากประจำปี,> 40%,>,40,0,0,,ไม่มีข้อมูล,
เดือน,2569,11,ส.ค. 2569,15,อัตราผู้ป่วย DM ที่ได้รับการตรวจเท้าอย่างละเอียดประจำปี,> 80%,>,80,0,0,,ไม่มีข้อมูล,
เดือน,2569,11,ส.ค. 2569,16,อัตราผู้ป่วยเบาหวานที่มี Diabetic retinopathy,< 15%,<,15,0,0,,ไม่มีข้อมูล,
เดือน,2569,11,ส.ค. 2569,17,อัตราผู้ป่วยเบาหวานที่มี Diabetic nephropathy,< 30%,<,30,0,0,,ไม่มีข้อมูล,
เดือน,2569,11,ส.ค. 2569,18,อัตราผู้ป่วยเบาหวานที่มีแผลที่เท้า,< 5%,<,5,0,0,,ไม่มีข้อมูล,
เดือน,2569,12,ก.ย. 2569,1,อัตราผู้ป่วย DM ที่ได้รับการตรวจ HbA1c,>= 70%,>=,70,0,0,,ไม่มีข้อมูล,
เดือน,2569,12,ก.ย. 2569,2,อัตราผู้ป่วยเบาหวานชนิดที่ 2 ที่มีระดับ HbA1c < 7%,> 40%,>,40,0,0,,ไม่มีข้อมูล,
เดือน,2569,12,ก.ย. 2569,3,อัตราผู้ป่วยเบาหวานชนิดที่ 1 ที่มีระดับ HbA1c < 7%,> 40%,>,40,0,0,,ไม่มีข้อมูล,
เดือน,2569,12,ก.ย. 2569,4,อัตราการรักษาในโรงพยาบาลเนื่องจากภาวะแทรกซ้อนเฉียบพลันจาก DM,< 4%,<,4,0,0,,ไม่มีข้อมูล,
เดือน,2569,12,ก.ย. 2569,5,อัตราการรักษาในโรงพยาบาลเนื่องจากภาวะแทรกซ้อนเฉียบพลัน Hypoglycemia,< 4%,<,4,0,0,,ไม่มีข้อมูล,
เดือน,2569,12,ก.ย. 2569,6,"อัตราการรักษาในโรงพยาบาลเนื่องจากภาวะแทรกซ้อนเฉียบพลัน Hyperglycemia, DKA",< 4%,<,4,0,0,,ไม่มีข้อมูล,
เดือน,2569,12,ก.ย. 2569,7,อัตราผู้ป่วย DM ที่ได้รับการตรวจ Lipid profile,> 70%,>,70,0,0,,ไม่มีข้อมูล,
เดือน,2569,12,ก.ย. 2569,8,อัตราผู้ป่วย DM ที่มีระดับ LDL < 100 mg/dL,> 60%,>,60,0,0,,ไม่มีข้อมูล,
เดือน,2569,12,ก.ย. 2569,9,อัตราของระดับความดันโลหิตในผู้ป่วย DM <= 130/80 mmHg,>= 60%,>=,60,0,0,,ไม่มีข้อมูล,
เดือน,2569,12,ก.ย. 2569,10,อัตราผู้ป่วย DM อายุ 40 ปีขึ้นไปที่ได้รับยา Aspirin,> 70%,>,70,0,0,,ไม่มีข้อมูล,
เดือน,2569,12,ก.ย. 2569,11,อัตราผู้ป่วย DM ที่ได้รับการตรวจ Microalbuminuria ประจำปี,> 80%,>,80,0,0,,ไม่มีข้อมูล,
เดือน,2569,12,ก.ย. 2569,12,อัตราผู้ป่วย DM มี Microalbuminuria ที่ได้รักษาด้วยยา ACEI หรือ ARB,>= 60%,>=,60,0,0,,ไม่มีข้อมูล,
เดือน,2569,12,ก.ย. 2569,13,อัตราผู้ป่วย DM ที่ได้รับการตรวจจอประสาทตาประจำปี,> 70%,>,70,0,0,,ไม่มีข้อมูล,
เดือน,2569,12,ก.ย. 2569,14,อัตราผู้ป่วย DM ที่ได้รับการตรวจสุขภาพช่องปากประจำปี,> 40%,>,40,0,0,,ไม่มีข้อมูล,
เดือน,2569,12,ก.ย. 2569,15,อัตราผู้ป่วย DM ที่ได้รับการตรวจเท้าอย่างละเอียดประจำปี,> 80%,>,80,0,0,,ไม่มีข้อมูล,
เดือน,2569,12,ก.ย. 2569,16,อัตราผู้ป่วยเบาหวานที่มี Diabetic retinopathy,< 15%,<,15,0,0,,ไม่มีข้อมูล,
เดือน,2569,12,ก.ย. 2569,17,อัตราผู้ป่วยเบาหวานที่มี Diabetic nephropathy,< 30%,<,30,0,0,,ไม่มีข้อมูล,
เดือน,2569,12,ก.ย. 2569,18,อัตราผู้ป่วยเบาหวานที่มีแผลที่เท้า,< 5%,<,5,0,0,,ไม่มีข้อมูล,
